tubelet_id,video_path,video_id,track_id,start_frame,end_frame,start_time_sec,end_time_sec,clip_span_sec,clip_duration_sec,mean_conf,min_conf,mean_bbox_area_ratio,mean_iou,max_center_jump_ratio,split,deep_knn_score_k1,deep_knn_score_k3,deep_knn_score_k5,deep_knn_score_k10,deep_knn_score_k20,deep_knn_score_k1_gauss_s1_0,deep_knn_score_k1_gauss_s2_0,deep_knn_score_k1_gauss_s3_0,deep_knn_score_k3_gauss_s1_0,deep_knn_score_k3_gauss_s2_0,deep_knn_score_k3_gauss_s3_0,deep_knn_score_k5_gauss_s1_0,deep_knn_score_k5_gauss_s2_0,deep_knn_score_k5_gauss_s3_0,deep_knn_score_k10_gauss_s1_0,deep_knn_score_k10_gauss_s2_0,deep_knn_score_k10_gauss_s3_0,deep_knn_score_k20_gauss_s1_0,deep_knn_score_k20_gauss_s2_0,deep_knn_score_k20_gauss_s3_0
homography_macro__20260315_130536_tp00036.mp4__track100__t1008_1098__00002278,D:\Embeddings_Distribution\raw_videos\20260315_130536_tp00036.mp4,20260315_130536_tp00036.mp4,100,1008,1098,70.55853564290473,76.85840489673551,6.299869253830778,6.299869253830778,0.7510643266141415,0.6667391657829285,0.0146895128584995,0.8470354084379118,0.2835344160951181,normal_test,0.20988887548446655,0.21622534096240997,0.21890683472156525,0.22219666838645935,0.22539682686328888,0.20988887548446655,0.20988887548446655,0.20988887548446655,0.21622534096240997,0.21622534096240997,0.21622534096240997,0.21890683472156525,0.21890683472156525,0.21890683472156525,0.22219666838645935,0.22219666838645935,0.22219666838645935,0.22539682686328888,0.22539682686328888,0.22539682686328888
homography_macro__20260315_130536_tp00036.mp4__track6633__t39984_40086__00003523,D:\Embeddings_Distribution\raw_videos\20260315_130536_tp00036.mp4,20260315_130536_tp00036.mp4,6633,39984,40086,2798.821913835221,2805.961765656229,7.139851821008051,7.139851821008051,0.6250341702252626,0.4655595421791076,0.0073479901918416,0.7534320507639417,0.3173758815216802,normal_test,0.2057289183139801,0.2092597931623459,0.21092315018177032,0.2158108502626419,0.22170725464820862,0.17840672897879306,0.15636798302512028,0.14385223828031618,0.18264026660283217,0.16097174153267424,0.1483417436193741,0.18478110899444636,0.16310628433898205,0.15052697322490705,0.1889934883439194,0.16697654316043162,0.15432760370829038,0.194279664615573,0.17209855905600752,0.15943185031421803
homography_macro__20260315_130536_tp00036.mp4__track6620__t39936_40038__00003520,D:\Embeddings_Distribution\raw_videos\20260315_130536_tp00036.mp4,20260315_130536_tp00036.mp4,6620,39936,40038,2795.461983566511,2802.6018353875197,7.139851821008051,7.139851821008051,0.6487143449485302,0.3962295651435852,0.0129215344860218,0.8582964628303615,0.2472347080567504,normal_test,0.17340759932994843,0.17442333698272705,0.17514227330684662,0.17673511803150177,0.18042345345020294,0.14060001316070686,0.12046921409566297,0.1115935879099802,0.14235326342312593,0.12325464430454718,0.1155310844556089,0.14377275548576418,0.12534381295089211,0.11796967769244182,0.14627197168437675,0.1285968479551687,0.12177032663798619,0.1509619598020253,0.13344644686618345,0.12700737871780965
homography_macro__20260315_130536_tp00036.mp4__track6633__t40128_40218__00003532,D:\Embeddings_Distribution\raw_videos\20260315_130536_tp00036.mp4,20260315_130536_tp00036.mp4,6633,40128,40218,2808.90170464135,2815.201573895181,6.2998692538308205,6.2998692538308205,0.7153300270438194,0.5702341794967651,0.0106907815456022,0.9414123380277354,0.0961317450904912,normal_test,0.1691257655620575,0.1717694252729416,0.17320311069488525,0.17598018050193787,0.18145060539245605,0.15649165388978997,0.1406947438472546,0.1331166271707782,0.1602505519381574,0.14450000792448145,0.13694800728310713,0.16214208538217223,0.14697678232042966,0.13972861395595831,0.16596461824292125,0.15167264754585286,0.14490363205733586,0.17217806384755996,0.15834245138413178,0.15176296631384092
homography_macro__20260317_101644_tp00048.mp4__track1511__t44352_44442__00009610,D:\Embeddings_Distribution\raw_videos\20260317_101644_tp00048.mp4,20260317_101644_tp00048.mp4,1511,44352,44442,3104.6267011462637,3110.9266741599527,6.299973013689396,6.299973013689396,0.5647127740085125,0.33930703997612,0.0047629192033439,0.8688646932971567,0.0428755292204237,normal_test,0.1412978321313858,0.16011078655719757,0.1676364541053772,0.1753760129213333,0.1818893998861313,0.12088485693758769,0.11307451815514688,0.11328498624616012,0.13233189473788387,0.12151030771664169,0.12102526073903444,0.13719158176187773,0.12525349406858113,0.12460807349303399,0.14267403064627332,0.12975513222088603,0.12897532930126704,0.1477066946278079,0.1341476616924625,0.13334991168988347
homography_macro__20260317_101644_tp00048.mp4__track1501__t44160_44250__00009604,D:\Embeddings_Distribution\raw_videos\20260317_101644_tp00048.mp4,20260317_101644_tp00048.mp4,1501,44160,44250,3091.186758717058,3097.486731730748,6.299973013689396,6.299973013689396,0.484241483733058,0.384378969669342,0.0053152120612675,0.9569114494319968,0.0140192389192799,normal_test,0.15211358666419983,0.1626400351524353,0.16728417575359344,0.1721930056810379,0.17711466550827026,0.12692910226724358,0.11984887682830095,0.11832188363107249,0.13413769055440253,0.1256852351316313,0.1236683058501019,0.1382085634163359,0.12922103471404747,0.12701451388942508,0.1428259401004014,0.13330593394677767,0.1310031211655401,0.1478980480057494,0.13824088499341594,0.13585674227332833
homography_macro__20260317_101644_tp00048.mp4__track1501__t44208_44298__00009606,D:\Embeddings_Distribution\raw_videos\20260317_101644_tp00048.mp4,20260317_101644_tp00048.mp4,1501,44208,44298,3094.54674432436,3100.846717338049,6.299973013689851,6.299973013689851,0.5414861161261797,0.4474260210990906,0.0053619664051046,0.9142563081353424,0.0547752002845787,normal_test,0.1457214206457138,0.1601407527923584,0.16707123816013336,0.1747126430273056,0.1809188425540924,0.12994941415635441,0.12527175500858473,0.12229810792916537,0.1396853293169553,0.13331826010597933,0.12935998380941938,0.14444889813959252,0.1374722553862341,0.13319182470980698,0.1500895762086345,0.14242655268423426,0.13778390315070219,0.15543539955479468,0.14754469082888771,0.14280034906568645
homography_macro__20260316_124453_tp00043.mp4__track1177__t9408_9510__00006709,D:\Embeddings_Distribution\raw_videos\20260316_124453_tp00043.mp4,20260316_124453_tp00043.mp4,1177,9408,9510,658.5571531202435,665.697122254838,7.13996913459448,7.13996913459448,0.4692414440214634,0.2589043378829956,0.0039376517949749,0.866594937066285,0.0724526052200176,normal_test,0.15526370704174042,0.16175080835819244,0.1658882051706314,0.17183397710323334,0.1792529970407486,0.11474960918256329,0.09495804455794835,0.08551204393721812,0.12048172352437604,0.09998672985013325,0.0899689681332934,0.12429515389943462,0.10325842732266724,0.09282924775887177,0.12931890207550928,0.1077886146483662,0.09704949111535985,0.1351178723424521,0.1133991102433505,0.1023640438150637
homography_macro__20260317_101644_tp00048.mp4__track1501__t44112_44202__00009602,D:\Embeddings_Distribution\raw_videos\20260317_101644_tp00048.mp4,20260317_101644_tp00048.mp4,1501,44112,44202,3087.826773109757,3094.126746123447,6.299973013689851,6.299973013689851,0.5585290584713221,0.384378969669342,0.0059717750674408,0.8916603681246241,0.0485353921711884,normal_test,0.15652787685394287,0.16312970221042633,0.16553498804569244,0.16865620017051697,0.174502432346344,0.13264824787052373,0.12389398929660819,0.11514975554915287,0.137102917064942,0.12822368109746862,0.11975453341478515,0.13923987354306688,0.13086325093999712,0.12293634803825573,0.1421924421897819,0.13449690509246642,0.12722178746405963,0.1469094812914292,0.13914746866797717,0.13219296123481394
homography_macro__20260315_130536_tp00036.mp4__track4692__t26640_26730__00003299,D:\Embeddings_Distribution\raw_videos\20260315_130536_tp00036.mp4,20260315_130536_tp00036.mp4,4692,26640,26730,1864.7612991339108,1871.0611683877416,6.2998692538308205,6.2998692538308205,0.7717006728053093,0.4920153617858886,0.0126464897758229,0.4142215969765601,0.5920301491631095,normal_test,0.15969893336296082,0.16314075887203217,0.16515883803367615,0.17219236493110657,0.18961162865161896,0.11475344503802738,0.09354057258690686,0.09049709751694537,0.11712849078744221,0.09532647057134644,0.09219180814885349,0.11858812459739324,0.09666145274435375,0.09377619204668473,0.12319446082557542,0.10029556879634559,0.0975363264898744,0.13374939735687572,0.10752428155163396,0.10394517191414812
homography_macro__20260315_130536_tp00036.mp4__track563__t3984_4074__00002501,D:\Embeddings_Distribution\raw_videos\20260315_130536_tp00036.mp4,20260315_130536_tp00036.mp4,563,3984,4074,278.8742123029092,285.17408155674,6.299869253830764,6.299869253830764,0.5470024328678846,0.3080496490001678,0.0067092082553058,0.8968381430894603,0.0340364629822689,normal_test,0.1615772545337677,0.16313602030277252,0.16498473286628723,0.1689397394657135,0.17354531586170197,0.12397974502857563,0.1061203890730549,0.09849427621318046,0.12567087751194683,0.10755743327084394,0.09987819465333661,0.12867774324556933,0.11011303388592598,0.10212903966474543,0.1338394670966921,0.11458635260302993,0.1062918611520887,0.13988108277559402,0.12015076625753868,0.1116304342361639
homography_macro__20260317_101644_tp00048.mp4__track1511__t44448_44538__00009614,D:\Embeddings_Distribution\raw_videos\20260317_101644_tp00048.mp4,20260317_101644_tp00048.mp4,1511,44448,44538,3111.3466723608653,3117.646645374555,6.299973013689851,6.299973013689851,0.6211000829935074,0.5824897289276123,0.0047678140897279,0.9372729745201608,0.0385356162926265,normal_test,0.1508234292268753,0.16066695749759674,0.16374044120311737,0.16824106872081757,0.17279377579689026,0.1295047452460898,0.12381865710040929,0.12052189514669613,0.13774846247923223,0.1325974763627323,0.12923754821616673,0.14052009394076276,0.135908573205394,0.13267790339150812,0.14456190928891577,0.14017593684147908,0.13699471382988115,0.1487646890122838,0.14439800149003845,0.1412316641374819
homography_macro__20260317_101644_tp00048.mp4__track1511__t44400_44490__00009612,D:\Embeddings_Distribution\raw_videos\20260317_101644_tp00048.mp4,20260317_101644_tp00048.mp4,1511,44400,44490,3107.9866867535643,3114.2866597672537,6.299973013689396,6.299973013689396,0.6201517321169376,0.5876567959785461,0.00473728213453,0.9070254377812929,0.0312771964996159,normal_test,0.1413121521472931,0.1561095118522644,0.16264541447162628,0.1687338948249817,0.17345446348190308,0.12363041239829523,0.11871611378771033,0.11585681186290685,0.13478901744186406,0.12890941468752976,0.12496409923679999,0.13967586688308542,0.13334761337885548,0.12900407512810802,0.14474952424229656,0.13822361073898887,0.13360686947084893,0.14914456203074933,0.14265056766102657,0.1379307256638681
homography_macro__20260315_130536_tp00036.mp4__track563__t4032_4122__00002505,D:\Embeddings_Distribution\raw_videos\20260315_130536_tp00036.mp4,20260315_130536_tp00036.mp4,563,4032,4122,282.2341425716189,288.5340118254497,6.299869253830764,6.299869253830764,0.6379482969641685,0.4343829154968261,0.0083819746061047,0.9010672709580844,0.0340364629822689,normal_test,0.15889808535575867,0.1597716510295868,0.1607619822025299,0.1641654074192047,0.1693178415298462,0.11169907403609496,0.09172428380889375,0.08986843183526597,0.11237823179671086,0.09246369403719691,0.09071211702968388,0.11313438116639965,0.09331131529053316,0.09184647946739913,0.11539809268787131,0.0953163977184606,0.09419183068781221,0.11896700773835323,0.09842817533157036,0.09762608894883917
homography_macro__20260315_130536_tp00036.mp4__track6620__t39984_40086__00003522,D:\Embeddings_Distribution\raw_videos\20260315_130536_tp00036.mp4,20260315_130536_tp00036.mp4,6620,39984,40086,2798.821913835221,2805.961765656229,7.139851821008051,7.139851821008051,0.6542366147041321,0.3962295651435852,0.0139206901358171,0.8368191145540961,0.2472347080567504,normal_test,0.1533990055322647,0.15772300958633423,0.16059932112693787,0.16364926099777222,0.1678592413663864,0.13231546271013875,0.1286347866446904,0.12165080680747088,0.1380897249305345,0.1335251500454243,0.12637430434170888,0.14066100586560845,0.13579793171711727,0.12873756025390098,0.14415488062091078,0.1391590216165743,0.13228084062346218,0.14886581756856454,0.14395931809989143,0.13721214301166876
homography_macro__20260317_101644_tp00048.mp4__track711__t22464_22554__00009408,D:\Embeddings_Distribution\raw_videos\20260317_101644_tp00048.mp4,20260317_101644_tp00048.mp4,711,22464,22554,1572.4732642169386,1578.7732372306282,6.299973013689623,6.299973013689623,0.4978572372347116,0.3147539794445038,0.0039023679533445,0.918583932708402,0.13565674987886,normal_test,0.09280234575271606,0.1472998708486557,0.15990786254405975,0.18769994378089905,0.21865582466125488,0.07875309245134844,0.07445702209607337,0.07321485369768596,0.11055331592657053,0.09416886778079334,0.08803373508360068,0.11863588790025328,0.0995396713262894,0.09248468872035168,0.13657372731737644,0.11124893136529193,0.10194481114968343,0.15576379505904875,0.12361774316116567,0.11178092759572264
homography_macro__20260315_130536_tp00036.mp4__track563__t3648_3738__00002473,D:\Embeddings_Distribution\raw_videos\20260315_130536_tp00036.mp4,20260315_130536_tp00036.mp4,563,3648,3738,255.3547004219409,261.6545696757717,6.299869253830792,6.299869253830792,0.6460798643529415,0.6065295338630676,0.0058017417949376,0.9692532033587136,0.0177599629116685,normal_test,0.15273311734199524,0.15758191049098969,0.15936271846294403,0.16154663264751434,0.16429924964904785,0.12275138126580312,0.09729001776564147,0.08709001854316095,0.12700318621178963,0.10041468270340234,0.08964629931021105,0.12979629288305755,0.1027778854708935,0.0916778434469529,0.13326509377621973,0.10589796930718756,0.09452982009905117,0.1374547988500577,0.10965078431752985,0.09799550996704655
homography_macro__20260315_130536_tp00036.mp4__track563__t3792_3882__00002485,D:\Embeddings_Distribution\raw_videos\20260315_130536_tp00036.mp4,20260315_130536_tp00036.mp4,563,3792,3882,265.43449122807016,271.734360481901,6.2998692538308205,6.2998692538308205,0.6837490499019623,0.6234703660011292,0.0066411264282997,0.9313705076816188,0.022552869433751,normal_test,0.13581691682338715,0.1508939117193222,0.15768501162528992,0.16416220366954803,0.1700964868068695,0.09946283057418448,0.08609253768714926,0.08481519615880623,0.10856761617314478,0.09299840865222322,0.0912846869696759,0.11279605562911801,0.09626357025455697,0.09445186148107185,0.11742463362265423,0.1003725774162633,0.09858777708769817,0.12181445394422288,0.10440965543384687,0.10267094936568055
homography_macro__20260315_130536_tp00036.mp4__track563__t3552_3642__00002465,D:\Embeddings_Distribution\raw_videos\20260315_130536_tp00036.mp4,20260315_130536_tp00036.mp4,563,3552,3642,248.63483988452143,254.93470913835225,6.299869253830792,6.299869253830792,0.6357310824096203,0.5876593589782715,0.0058103749973774,0.9755549426753104,0.0078752320443052,normal_test,0.15305620431900024,0.155279740691185,0.15728116035461426,0.15924635529518127,0.16203753650188446,0.10871299097668807,0.0887733183871027,0.082001598090319,0.1102051255147819,0.09067708279053502,0.08419696411248281,0.11160657235350077,0.09233394390139148,0.08603148685144887,0.11320313438787051,0.09475927383333621,0.08887593437637835,0.11538424118384585,0.09790948060733748,0.09249094189466003
homography_macro__20260315_130536_tp00036.mp4__track6620__t40128_40218__00003531,D:\Embeddings_Distribution\raw_videos\20260315_130536_tp00036.mp4,20260315_130536_tp00036.mp4,6620,40128,40218,2808.90170464135,2815.201573895181,6.2998692538308205,6.2998692538308205,0.7650421112775803,0.6803146600723267,0.0131138932971804,0.9391416840261844,0.0521375195300711,normal_test,0.14888335764408112,0.15477830171585083,0.15701910853385925,0.16225096583366394,0.16943684220314026,0.1301827338193687,0.1228257227224578,0.12084896593894598,0.13473238960810674,0.1270189580160693,0.12498540075271698,0.13755444469502265,0.13016069792291396,0.12824503893353073,0.14288407227972694,0.13599446700217988,0.1342425757356071,0.15011165142635263,0.1432873656464445,0.14152487600302166
homography_macro__20260315_130536_tp00036.mp4__track563__t3744_3834__00002481,D:\Embeddings_Distribution\raw_videos\20260315_130536_tp00036.mp4,20260315_130536_tp00036.mp4,563,3744,3834,262.07456095936044,268.3744302131912,6.299869253830764,6.299869253830764,0.6723898760974407,0.6157619953155518,0.0065315963055283,0.9381849030213096,0.022552869433751,normal_test,0.13526654243469238,0.14957718551158905,0.15678037703037262,0.163399800658226,0.16892394423484802,0.09840437246797101,0.0887343917023211,0.09283625370686198,0.10709444790607689,0.09469338964033891,0.09795322567193446,0.11172151602156219,0.09819904584818437,0.10114271583536233,0.11660665675909632,0.10225657871465596,0.1050440477323456,0.12096063531058486,0.1061876561729877,0.10900876622090555
homography_macro__20260315_130536_tp00036.mp4__track563__t3600_3690__00002469,D:\Embeddings_Distribution\raw_videos\20260315_130536_tp00036.mp4,20260315_130536_tp00036.mp4,563,3600,3690,251.9947701532312,258.29463940706194,6.299869253830764,6.299869253830764,0.6351636536419392,0.6031551957130432,0.0056908868116974,0.9679212411440736,0.0177599629116685,normal_test,0.1520163118839264,0.15458731353282928,0.1566089391708374,0.15883681178092957,0.1616896539926529,0.10803336018138089,0.09204387529705979,0.08934771080061138,0.10986820984648368,0.09401727607589465,0.09150716327320094,0.11148284640841626,0.09545723030731967,0.09297097609060467,0.11397852115356807,0.09781985593869766,0.09533386539640676,0.11689734716630348,0.1006963092058073,0.09830280146907425
homography_macro__20260315_130536_tp00036.mp4__track6535__t39120_39210__00003472,D:\Embeddings_Distribution\raw_videos\20260315_130536_tp00036.mp4,20260315_130536_tp00036.mp4,6535,39120,39210,2738.343168998445,2744.6430382522763,6.2998692538308205,6.2998692538308205,0.7690038438886404,0.4329449534416199,0.0305898807750272,0.8394539645416285,0.2109744381508918,normal_test,0.1435180902481079,0.15212662518024445,0.1555607169866562,0.16080595552921295,0.16652517020702362,0.12948124368071465,0.12041353127427032,0.11457837541113103,0.14502327164155687,0.13660209516110855,0.1299227131733695,0.1506769762886626,0.14279169952030352,0.13593249271117397,0.15752468506073897,0.1500388734840249,0.14342543016478,0.16404247588641063,0.15686723067310465,0.15063418698603936
homography_macro__20260315_130536_tp00036.mp4__track6485__t39312_39402__00003484,D:\Embeddings_Distribution\raw_videos\20260315_130536_tp00036.mp4,20260315_130536_tp00036.mp4,6485,39312,39402,2751.7828900732843,2758.082759327115,6.2998692538308205,6.2998692538308205,0.8199822064489126,0.4986386597156524,0.0293611334368731,0.8558173444551277,0.1064010563390976,normal_test,0.14594772458076477,0.1529211699962616,0.15538553893566132,0.15905340015888214,0.16331011056900024,0.13876220890532548,0.13264199229627885,0.13078636336688582,0.14363019224047194,0.13625717451816033,0.1341329805128924,0.14624125700797475,0.13856851644821394,0.13636857926875787,0.15017564685442822,0.142617478889447,0.14063157271192128,0.15482456729455166,0.14744476822427266,0.1457854655386291
homography_macro__20260315_130536_tp00036.mp4__track563__t3696_3786__00002477,D:\Embeddings_Distribution\raw_videos\20260315_130536_tp00036.mp4,20260315_130536_tp00036.mp4,563,3696,3786,258.71463069065067,265.0144999444815,6.2998692538308205,6.2998692538308205,0.6483132764697075,0.6157619953155518,0.0060266681310394,0.9839578207476568,0.0088641588308183,normal_test,0.15045605599880219,0.15359477698802948,0.15525595843791962,0.15913811326026917,0.1630430668592453,0.14593947745030245,0.12229461893842816,0.1061729706402384,0.1497260252978917,0.12573261100306338,0.10907709809449123,0.15167468014498553,0.12795076600443592,0.11111869672486258,0.15512083772044322,0.1313811863008771,0.11428503748297371,0.1588585622776985,0.13526033095115514,0.11793024727159229
homography_macro__20260315_130536_tp00036.mp4__track6485__t39120_39210__00003471,D:\Embeddings_Distribution\raw_videos\20260315_130536_tp00036.mp4,20260315_130536_tp00036.mp4,6485,39120,39210,2738.343168998445,2744.6430382522763,6.2998692538308205,6.2998692538308205,0.7934515252709389,0.6771810054779053,0.028802444128171,0.9560674748899116,0.0532630320978731,normal_test,0.14930616319179535,0.15190450847148895,0.1536046713590622,0.15754856169223785,0.16179604828357697,0.1440152319031648,0.13282883601807913,0.12503533719799328,0.15070195639734962,0.1441811640000295,0.1375348497018841,0.15360138335564025,0.14870472924833456,0.14254161126405898,0.15844559666019842,0.15469477784649366,0.14910261634608865,0.1635015814290603,0.1605387536332915,0.1554906384982661
homography_macro__20260317_101644_tp00048.mp4__track1501__t44064_44154__00009600,D:\Embeddings_Distribution\raw_videos\20260317_101644_tp00048.mp4,20260317_101644_tp00048.mp4,1501,44064,44154,3084.466787502456,3090.766760516146,6.299973013689851,6.299973013689851,0.6662378944456577,0.5957990884780884,0.0068373094617604,0.8555676479778812,0.0485353921711884,normal_test,0.1502481997013092,0.1514667421579361,0.15273062884807587,0.15629585087299347,0.1605987846851349,0.12366453419937587,0.10706794442726167,0.09904088845493314,0.12846166270256662,0.11230339638762976,0.104140308691146,0.1319683003395253,0.11655145573509282,0.10838968494836504,0.13686105084400885,0.1221936493084857,0.11410511697819754,0.1416534692267912,0.12759515942023034,0.1198519875728356
homography_macro__20260317_101644_tp00048.mp4__track1511__t44496_44586__00009616,D:\Embeddings_Distribution\raw_videos\20260317_101644_tp00048.mp4,20260317_101644_tp00048.mp4,1511,44496,44586,3114.7066579681664,3121.006630981856,6.299973013689851,6.299973013689851,0.6440366245806217,0.5824897289276123,0.0056262642923741,0.887632072997738,0.0723476562196055,normal_test,0.14833983778953552,0.14992250502109528,0.15157942473888397,0.15413205325603485,0.1571420580148697,0.13036054634616676,0.12649158642332528,0.12379607652490936,0.13225455956117316,0.13042577760073243,0.1290484344947538,0.13367369337657042,0.13229453550082448,0.13137218187239846,0.13612471852418345,0.13523997409583485,0.13469396328347605,0.13937029881561006,0.13880907805023557,0.13844238016990942
homography_macro__20260315_130536_tp00036.mp4__track563__t3936_4026__00002498,D:\Embeddings_Distribution\raw_videos\20260315_130536_tp00036.mp4,20260315_130536_tp00036.mp4,563,3936,4026,275.5142820341994,281.8141512880302,6.299869253830764,6.299869253830764,0.5466667134314775,0.3080496490001678,0.0067427043497603,0.928294771992456,0.033091599036777,normal_test,0.1483958512544632,0.1498456448316574,0.15139904618263245,0.1541450023651123,0.160413920879364,0.10894434540230771,0.09036006403808747,0.08451468756857224,0.11012210387761293,0.09163893826079894,0.08622529388250147,0.11165115674748485,0.09315077513281411,0.08777082509659948,0.11473958857045255,0.09667277906181397,0.0912447465931753,0.12014434249588177,0.10188214518223779,0.09631690408109991
homography_macro__20260315_130536_tp00036.mp4__track6633__t40032_40122__00003526,D:\Embeddings_Distribution\raw_videos\20260315_130536_tp00036.mp4,20260315_130536_tp00036.mp4,6633,40032,40122,2802.181844103931,2808.4817133577617,6.2998692538308205,6.2998692538308205,0.6699096076190472,0.4655595421791076,0.0099805318360939,0.7692499677388674,0.3173758815216802,normal_test,0.1453121453523636,0.14769040048122406,0.15137703716754913,0.15731613337993622,0.16380928456783295,0.1332975085165064,0.1334107400815849,0.13543360455146916,0.13705233341260475,0.13760635907888108,0.13976700866576303,0.1405498310255177,0.1405787827498792,0.1424953839432188,0.14721717988520583,0.14679333695638297,0.14813905898375124,0.1541920185733323,0.15363693514685522,0.15461101805540378
homography_macro__20260315_130536_tp00036.mp4__track6633__t40176_40266__00003535,D:\Embeddings_Distribution\raw_videos\20260315_130536_tp00036.mp4,20260315_130536_tp00036.mp4,6633,40176,40266,2812.26163491006,2818.5615041638907,6.2998692538308205,6.2998692538308205,0.7278540767729282,0.6993294358253479,0.0099716298333013,0.953576098420446,0.041090340588997,normal_test,0.14689546823501587,0.14840520918369293,0.15087464451789856,0.15403851866722107,0.1575215756893158,0.14017961418298622,0.1278708419342085,0.12502310473962225,0.144172883008255,0.13214989698942436,0.1292323137468878,0.14678805123953717,0.1349390374848246,0.1321213770442624,0.15076016626771838,0.1397310818769339,0.13719850523321203,0.15565607756754324,0.14553636874206588,0.1433060921461043
homography_macro__20260315_130536_tp00036.mp4__track6485__t39360_39450__00003486,D:\Embeddings_Distribution\raw_videos\20260315_130536_tp00036.mp4,20260315_130536_tp00036.mp4,6485,39360,39450,2755.142820341994,2761.442689595825,6.2998692538308205,6.2998692538308205,0.8800821416079998,0.8251199722290039,0.0338254505564826,0.9212938994903817,0.0506987853318974,normal_test,0.147197425365448,0.14902369678020477,0.15052224695682526,0.15467879176139832,0.15958961844444275,0.1392608931113183,0.13691321312359386,0.13458641143385316,0.14204961343867367,0.1402819589480347,0.1378188880777994,0.14386947286125054,0.14234881638519137,0.13991195874045936,0.1474462019387408,0.1459569747483706,0.14368221056925568,0.15173116405074102,0.15027471828478156,0.14821018745828912
homography_macro__20260315_130536_tp00036.mp4__track563__t3888_3978__00002494,D:\Embeddings_Distribution\raw_videos\20260315_130536_tp00036.mp4,20260315_130536_tp00036.mp4,563,3888,3978,272.15435176548965,278.45422101932047,6.2998692538308205,6.2998692538308205,0.580404806882143,0.3420044183731079,0.0064193741757918,0.9543829321054044,0.0168608481166445,normal_test,0.14386218786239624,0.1486903578042984,0.15021732449531555,0.15225748717784882,0.1575365513563156,0.10809172421961598,0.09961858793902348,0.09472903127721585,0.11171921353084616,0.10364984711073084,0.0986913660707411,0.11329100974510406,0.10543660672051876,0.10040661436485569,0.11562465188496356,0.10814054090334019,0.10300372728075557,0.12014752610418401,0.11262021178478282,0.10712291138219843
homography_macro__20260315_130536_tp00036.mp4__track6620__t40176_40272__00003538,D:\Embeddings_Distribution\raw_videos\20260315_130536_tp00036.mp4,20260315_130536_tp00036.mp4,6620,40176,40272,2812.26163491006,2818.98149544748,6.719860537419663,6.719860537419663,0.7441505379974842,0.6549217700958252,0.0125408402643728,0.9479906426565924,0.0521375195300711,normal_test,0.13893245160579681,0.14714443683624268,0.1499665230512619,0.15489229559898376,0.16139955818653107,0.12187853940028323,0.11612544434130172,0.11855155815396351,0.12807965809829785,0.12132337985345173,0.12335951874584114,0.13090161711461512,0.12433789831944772,0.12639830415658482,0.13621799940746518,0.13007417191368403,0.13207342140102762,0.14323249418137382,0.13703435922179552,0.1389769374018615
homography_macro__20260315_130536_tp00036.mp4__track563__t3840_3930__00002489,D:\Embeddings_Distribution\raw_videos\20260315_130536_tp00036.mp4,20260315_130536_tp00036.mp4,563,3840,3930,268.79442149677993,275.0942907506107,6.299869253830764,6.299869253830764,0.6458786092698574,0.5935784578323364,0.0061871514891898,0.9623615865677224,0.0168608481166445,normal_test,0.14163637161254883,0.14752022922039032,0.14937636256217957,0.15187856554985046,0.15631327033042908,0.10331942509090866,0.08753991337939981,0.08242247222981575,0.10766374619718375,0.0910012237305673,0.08591551073685805,0.10903234227738802,0.09221828124690731,0.08724426163965682,0.11086942504727443,0.09397830438498415,0.08921877916825577,0.11400448378942413,0.096639870348394,0.09200832191257789
homography_macro__20260315_130536_tp00036.mp4__track6485__t39264_39354__00003481,D:\Embeddings_Distribution\raw_videos\20260315_130536_tp00036.mp4,20260315_130536_tp00036.mp4,6485,39264,39354,2748.422959804575,2754.7228290584058,6.2998692538308205,6.2998692538308205,0.7882292438298464,0.4986386597156524,0.0291618048586169,0.907371689456406,0.1064010563390976,normal_test,0.14403727650642395,0.14592285454273224,0.1478392779827118,0.1544422060251236,0.16156509518623352,0.13527895374144794,0.13148755173500434,0.12851352099755506,0.13719296758551092,0.1342035151222123,0.1319420736049148,0.1389767903087033,0.13629213147602875,0.13426135174862847,0.14434569017771703,0.141440181655486,0.1397152270457528,0.15061397156290085,0.14776370509102937,0.14641712688204
homography_macro__20260315_104219_tp00035.mp4__track784__t6576_6678__00001364,D:\Embeddings_Distribution\raw_videos\20260315_104219_tp00035.mp4,20260315_104219_tp00035.mp4,784,6576,6678,460.3202716941744,467.4602759084089,7.140004214234466,7.140004214234466,0.4002422355115413,0.2928865551948547,0.0050158395357234,0.9334327588471696,0.0734330274228362,normal_test,0.10561968386173248,0.1300041228532791,0.1464090645313263,0.17466969788074493,0.20121347904205322,0.0965778843147627,0.09209495208171307,0.08976835926634004,0.11242437257290566,0.10264138775367215,0.0983453777299182,0.12355256802156594,0.1107119127006112,0.10513322204439916,0.14167118662233463,0.12362719155602979,0.1160084182013573,0.15911142509095696,0.13652750414402887,0.12717502227261512
homography_macro__20260315_130536_tp00036.mp4__track6633__t40080_40170__00003528,D:\Embeddings_Distribution\raw_videos\20260315_130536_tp00036.mp4,20260315_130536_tp00036.mp4,6633,40080,40170,2805.5417743726407,2811.841643626471,6.299869253830366,6.299869253830366,0.6933835186064243,0.5702341794967651,0.0115595595517879,0.9024948615474526,0.1073164665671181,normal_test,0.13718940317630768,0.14309842884540558,0.1463746875524521,0.15164676308631897,0.1577833592891693,0.13851508881582256,0.13451652144365328,0.13559074447434313,0.14318534727446566,0.139135244339877,0.1402272116560272,0.14662096820094883,0.14234514685380645,0.14317577526287484,0.15234910940279364,0.1483644102875794,0.14890654502467138,0.15873703131040856,0.15501782024954575,0.1554080309353441
homography_macro__20260315_130536_tp00036.mp4__track6476__t39168_39258__00003475,D:\Embeddings_Distribution\raw_videos\20260315_130536_tp00036.mp4,20260315_130536_tp00036.mp4,6476,39168,39258,2741.7030992671557,2748.002968520986,6.2998692538308205,6.2998692538308205,0.8591886311769485,0.7803144454956055,0.0497671381911363,0.9185244687040306,0.084036867485843,normal_test,0.14007604122161865,0.14383941888809204,0.14618387818336487,0.15080921351909637,0.15704098343849182,0.13647267364519458,0.13513797820275097,0.13330873703812046,0.14069720959292464,0.1410178743587416,0.1409103247957242,0.14425049217645078,0.14478998551279154,0.14498020767787026,0.14906538209668535,0.14973673416581065,0.15025556319980027,0.15440792930471914,0.15480799942769996,0.15552585345967457
homography_macro__20260315_130536_tp00036.mp4__track6535__t39072_39162__00003469,D:\Embeddings_Distribution\raw_videos\20260315_130536_tp00036.mp4,20260315_130536_tp00036.mp4,6535,39072,39162,2734.983238729736,2741.2831079835664,6.2998692538308205,6.2998692538308205,0.8242470845580101,0.70158451795578,0.0320794325636181,0.7963952576731139,0.1139533977835773,normal_test,0.10903007537126541,0.13701127469539642,0.1460641324520111,0.1556370109319687,0.16365189850330353,0.11138551371377234,0.10750483750019543,0.10408540649521335,0.13279562671069237,0.12594535575235533,0.12045053682054183,0.14085326083443134,0.13309395000814467,0.1269342729134511,0.14918356415767192,0.14124195352985774,0.1350600407614135,0.15636528594064733,0.14873047810692364,0.14280899382305978
homography_macro__20260315_104219_tp00035.mp4__track784__t6624_6714__00001366,D:\Embeddings_Distribution\raw_videos\20260315_104219_tp00035.mp4,20260315_104219_tp00035.mp4,784,6624,6714,463.6802736773436,469.9802773957858,6.300003718442156,6.300003718442156,0.4216868784278631,0.3200912177562713,0.0054612181704766,0.9473506301373978,0.0747999727978877,normal_test,0.1140243262052536,0.12929248809814453,0.14427450299263,0.1696416586637497,0.19521376490592957,0.10159670334872888,0.09749018454218103,0.09479058044172986,0.11327504053260545,0.10907382767006674,0.10496857747418274,0.12354420241261552,0.11842392654747408,0.11323571221634461,0.1409821308291909,0.13405888581525693,0.12689888600624816,0.1586310054499846,0.14973604486329878,0.14073406045030074
homography_macro__20260317_101644_tp00048.mp4__track1329__t43104_43194__00009582,D:\Embeddings_Distribution\raw_videos\20260317_101644_tp00048.mp4,20260317_101644_tp00048.mp4,1329,43104,43194,3017.267075356433,3023.567048370123,6.299973013689851,6.299973013689851,0.5237393043935299,0.4810275137424469,0.0038747188686559,0.9673202180410312,0.0161085469492392,normal_test,0.14117789268493652,0.1423509567975998,0.14422371983528137,0.14632083475589752,0.14866992831230164,0.13937633198288288,0.13642096100035273,0.13040641883400667,0.14061536842915773,0.13767072119933071,0.13175037741295004,0.1426191321798907,0.1398072894555744,0.1338665575913467,0.1446598747741255,0.14206493125638922,0.13646040765539202,0.14708642252133017,0.14460288485422568,0.13945385258132023
homography_macro__20260315_130536_tp00036.mp4__track4393__t26400_26490__00003293,D:\Embeddings_Distribution\raw_videos\20260315_130536_tp00036.mp4,20260315_130536_tp00036.mp4,4393,26400,26490,1847.961647790362,1854.2615170441927,6.2998692538308205,6.2998692538308205,0.8519976809620857,0.7753891944885254,0.0517358482075084,0.9228472438744204,0.157374045014716,normal_test,0.14032861590385437,0.14266063272953033,0.14415256679058075,0.14864803850650787,0.15537002682685852,0.13520569326368403,0.13073324870062053,0.1280496262357027,0.1377090881719685,0.13373717938362684,0.13126838423846685,0.13944734033747086,0.13599967189357476,0.1337523408307934,0.14532914236867267,0.14227639258536479,0.14006468830137528,0.15246663880871217,0.14941659330901244,0.14702715745156905
homography_macro__20260315_130536_tp00036.mp4__track6620__t40080_40170__00003527,D:\Embeddings_Distribution\raw_videos\20260315_130536_tp00036.mp4,20260315_130536_tp00036.mp4,6620,40080,40170,2805.5417743726407,2811.841643626471,6.299869253830366,6.299869253830366,0.7805324159562588,0.6962926983833313,0.0138503327137204,0.9128918941001456,0.1253663319985647,normal_test,0.1349792778491974,0.139432892203331,0.14328089356422424,0.15125779807567596,0.15873117744922638,0.1171243952875574,0.11558078145869367,0.11905571871268714,0.12121748118579755,0.11963587296111713,0.12319593736635044,0.12479390763472129,0.12323679029897738,0.12670955976845166,0.13194170946898293,0.12999093860294608,0.1332781921595776,0.1393724828751691,0.13736039415034573,0.1405171250381097
homography_macro__20260316_124453_tp00043.mp4__track7193__t38736_38826__00007444,D:\Embeddings_Distribution\raw_videos\20260316_124453_tp00043.mp4,20260316_124453_tp00043.mp4,7193,38736,38826,2711.5082784083497,2717.808251174168,6.299972765818438,6.299972765818438,0.7373164780437946,0.6547605395317078,0.013321142990287,0.9696655566850816,0.0292842456505816,normal_test,0.14160414040088654,0.14188140630722046,0.14307813346385956,0.14849387109279633,0.15599915385246277,0.10756796470145195,0.08931463998352544,0.08406533371951933,0.11210213449862377,0.09608225006856248,0.0912689960798515,0.11429903582368309,0.09916367471868562,0.0947864071576657,0.11996754903810045,0.1052416628430485,0.1009273868531515,0.12739390734182637,0.11300910520248048,0.10861936592089555
homography_macro__20260317_101644_tp00048.mp4__track1329__t42960_43050__00009579,D:\Embeddings_Distribution\raw_videos\20260317_101644_tp00048.mp4,20260317_101644_tp00048.mp4,1329,42960,43050,3007.18711853453,3013.4870915482197,6.299973013689396,6.299973013689396,0.5333011448383331,0.5160772204399109,0.003957181262348,0.9746613615766307,0.018902746939917,normal_test,0.1402958780527115,0.1404629945755005,0.14283132553100586,0.14551760256290436,0.1476900279521942,0.12520765381784055,0.11392666877229826,0.10589802949403825,0.12626990280370592,0.11533319406683222,0.10781550561549592,0.12855539960023618,0.1173179277667728,0.10982592331901722,0.13178535838372588,0.12095187904069488,0.1136390467665985,0.13498610636274072,0.1252264896065555,0.1185677905706482
homography_macro__20260315_130536_tp00036.mp4__track6620__t40272_40362__00003544,D:\Embeddings_Distribution\raw_videos\20260315_130536_tp00036.mp4,20260315_130536_tp00036.mp4,6620,40272,40362,2818.98149544748,2825.2813647013104,6.2998692538308205,6.2998692538308205,0.7699833400547504,0.6357728242874146,0.0200668482910442,0.7716678604425423,0.234100695589151,normal_test,0.13023078441619873,0.13904792070388794,0.14272035658359528,0.1478230357170105,0.15288102626800537,0.10701499404724814,0.1039308685478064,0.10632106755811732,0.1132787110885542,0.10943122715917006,0.11177904528475191,0.11696131442381524,0.11298741757798031,0.11505010763197424,0.12222119325383227,0.11829784205847854,0.12004981488142583,0.12748946695434468,0.12362462784594445,0.12533322576026895
homography_macro__20260315_104219_tp00035.mp4__track909__t10272_10368__00001511,D:\Embeddings_Distribution\raw_videos\20260315_104219_tp00035.mp4,20260315_104219_tp00035.mp4,909,10272,10368,719.0404243981995,725.7604283645378,6.720003966338254,6.720003966338254,0.7260883655399084,0.3961580693721771,0.0172526076056319,0.7717216820615584,0.1647459147712278,normal_test,0.13763272762298584,0.14010794460773468,0.1420913189649582,0.14568376541137695,0.15119872987270355,0.10531783357400802,0.08725120896943167,0.07933804679605265,0.10841920902661255,0.08985438893071929,0.08171240147512784,0.11013963404969318,0.0913218654159548,0.08308510591646198,0.1130708085629135,0.0938166284018667,0.08541670705383292,0.11728475425765408,0.09724217756969311,0.08853406304068936
homography_macro__20260315_130536_tp00036.mp4__track6485__t39168_39258__00003474,D:\Embeddings_Distribution\raw_videos\20260315_130536_tp00036.mp4,20260315_130536_tp00036.mp4,6485,39168,39258,2741.7030992671557,2748.002968520986,6.2998692538308205,6.2998692538308205,0.7135338261723518,0.4864431619644165,0.0300556399669066,0.972207548967562,0.0110327860830741,normal_test,0.13351374864578247,0.13658952713012695,0.14194174110889435,0.14692506194114685,0.1509542465209961,0.13083154542781236,0.13295211948738875,0.13010938832689048,0.13730953128821238,0.1407240771614479,0.1396709589858927,0.14209879492953037,0.14509641733944023,0.1443544986121532,0.14719342713507294,0.15029758091935908,0.15001254180344578,0.15149888669810935,0.1549820049930949,0.15521315483076142
homography_macro__20260315_130536_tp00036.mp4__track6485__t39216_39306__00003477,D:\Embeddings_Distribution\raw_videos\20260315_130536_tp00036.mp4,20260315_130536_tp00036.mp4,6485,39216,39306,2745.063029535865,2751.362898789696,6.2998692538308205,6.2998692538308205,0.7223794087767601,0.4864431619644165,0.0304553060450095,0.9686933039910904,0.0149493263987282,normal_test,0.13557685911655426,0.1385202407836914,0.1410227119922638,0.14529825747013092,0.1490299105644226,0.12027586447534368,0.11881405559472955,0.12165918871287323,0.12518654591888045,0.12422549783158876,0.1274138569707396,0.12785207326292636,0.1270762000349085,0.13051133550106314,0.13466869816227425,0.13392625749004722,0.1369933739565174,0.1422867272821962,0.14194796290253914,0.14445278436336137
homography_macro__20260317_101644_tp00048.mp4__track1329__t43056_43146__00009581,D:\Embeddings_Distribution\raw_videos\20260317_101644_tp00048.mp4,20260317_101644_tp00048.mp4,1329,43056,43146,3013.907089749132,3020.207062762822,6.299973013689851,6.299973013689851,0.525339649990201,0.4627615809440613,0.0039842624833757,0.9720698556908648,0.0165641219646538,normal_test,0.1373339295387268,0.13860885798931122,0.14070139825344086,0.14258091151714325,0.14517273008823395,0.13659707415600467,0.13153326157281975,0.12379115888567614,0.13792604478580098,0.13282978429291187,0.1252712151937303,0.1401992340865853,0.13508393375846145,0.12743237827332787,0.14229708796224866,0.13761632461392467,0.13034948455195533,0.14475965630155355,0.14042554148740655,0.13380832880766372
homography_macro__20260315_130536_tp00036.mp4__track6633__t40224_40314__00003539,D:\Embeddings_Distribution\raw_videos\20260315_130536_tp00036.mp4,20260315_130536_tp00036.mp4,6633,40224,40314,2815.6215651787697,2821.921434432601,6.2998692538308205,6.2998692538308205,0.7294931672513485,0.6819927096366882,0.0097645417286817,0.9597484020046138,0.0420728148806209,normal_test,0.13430717587471008,0.13872162997722626,0.1402188092470169,0.14266721904277802,0.14608843624591827,0.11994484058368915,0.12207441070719563,0.12139413748361672,0.1261434148009048,0.12794507573428662,0.12692423035922806,0.12809304797472856,0.13018646016834687,0.12936322313833393,0.13133403205070882,0.13388594538164741,0.13352419378511826,0.13596441207571724,0.13892220466107386,0.13896116130926542
homography_macro__20260315_130536_tp00036.mp4__track6476__t39216_39306__00003478,D:\Embeddings_Distribution\raw_videos\20260315_130536_tp00036.mp4,20260315_130536_tp00036.mp4,6476,39216,39306,2745.063029535865,2751.362898789696,6.2998692538308205,6.2998692538308205,0.8700766339898109,0.837408721446991,0.0482785118675011,0.9504853548221888,0.0399061901465988,normal_test,0.13233765959739685,0.1368134319782257,0.1399349421262741,0.14387096464633942,0.15064619481563568,0.13062748940848287,0.12382996810856842,0.12361098499982184,0.1348378788090313,0.12876437928303086,0.12889937888750114,0.1377244795649305,0.13164336152959016,0.13191708798313395,0.14234631860656874,0.13747163805710327,0.1378692844037369,0.14862166257219772,0.14492090041128539,0.14526445492142415
homography_macro__20260315_130536_tp00036.mp4__track563__t4080_4170__00002509,D:\Embeddings_Distribution\raw_videos\20260315_130536_tp00036.mp4,20260315_130536_tp00036.mp4,563,4080,4170,285.5940728403287,291.89394209415946,6.299869253830764,6.299869253830764,0.7581229247152805,0.5372259616851807,0.0100592112529591,0.954721535331856,0.0186483652738049,normal_test,0.13511675596237183,0.13804543018341064,0.13992084562778473,0.14189501106739044,0.1454649269580841,0.10267274028782239,0.08712608990656195,0.08303814576318301,0.10479908606485867,0.08903392676192562,0.08494968715309692,0.1063228605203988,0.09077141206012025,0.08691584962878465,0.10832244250646483,0.09336217174516764,0.08998415344140484,0.11127476992500454,0.09687895161056365,0.09408587111383046
homography_macro__20260315_130536_tp00036.mp4__track6476__t39264_39354__00003482,D:\Embeddings_Distribution\raw_videos\20260315_130536_tp00036.mp4,20260315_130536_tp00036.mp4,6476,39264,39354,2748.422959804575,2754.7228290584058,6.2998692538308205,6.2998692538308205,0.872239712625742,0.837408721446991,0.0424103152104894,0.949920968119311,0.0436856243290088,normal_test,0.1344929039478302,0.13669238984584808,0.13987961411476135,0.14451447129249573,0.15004171431064606,0.12472436706886193,0.1259482580178911,0.12602492532864212,0.12665745995198055,0.12792737058255196,0.1284212786922581,0.1290363108171788,0.13004222573574878,0.13058563342047114,0.13309408803692574,0.13434387130638045,0.1351383943552148,0.13800644498584272,0.1395516188839194,0.1407201638421067
homography_macro__20260315_130536_tp00036.mp4__track4393__t26304_26394__00003289,D:\Embeddings_Distribution\raw_videos\20260315_130536_tp00036.mp4,20260315_130536_tp00036.mp4,4393,26304,26394,1841.2417872529425,1847.5416565067733,6.2998692538308205,6.2998692538308205,0.8267315253615379,0.7480355501174927,0.0544696089680386,0.8781962814258194,0.095388855162485,normal_test,0.13303327560424805,0.13683603703975677,0.13966047763824463,0.14922454953193665,0.15823394060134888,0.12354771492178046,0.11998645259270066,0.1194533257929625,0.126980129533595,0.123305611040395,0.12265182798348861,0.12956962558763274,0.125922430190835,0.1253781886181716,0.1362927230090989,0.13185556177267407,0.13108883031412402,0.14325586068917748,0.13803467550446427,0.13713104383916289
homography_macro__20260315_130536_tp00036.mp4__track6476__t39120_39210__00003473,D:\Embeddings_Distribution\raw_videos\20260315_130536_tp00036.mp4,20260315_130536_tp00036.mp4,6476,39120,39210,2738.343168998445,2744.6430382522763,6.2998692538308205,6.2998692538308205,0.7957579419016838,0.5433536171913147,0.0397349259846364,0.8052756677264928,0.2445181013480523,normal_test,0.12205473333597183,0.13496865332126617,0.13954386115074158,0.14507602155208588,0.14982402324676514,0.13305824850366463,0.13238255274171734,0.12711463166327336,0.14216606702520984,0.14304211452236043,0.13918023920980427,0.14568678518325678,0.14715657720395234,0.14387912730374922,0.15067285858782603,0.1526817795797451,0.14997861641249308,0.15534336542235916,0.15793170725170247,0.1557815523361778
homography_macro__20260317_101644_tp00048.mp4__track1329__t43008_43098__00009580,D:\Embeddings_Distribution\raw_videos\20260317_101644_tp00048.mp4,20260317_101644_tp00048.mp4,1329,43008,43098,3010.547104141831,3016.8470771555208,6.299973013689851,6.299973013689851,0.5214684177190065,0.4627615809440613,0.0038790300988265,0.9716242545533174,0.018902746939917,normal_test,0.13514243066310883,0.13679607212543488,0.13934001326560974,0.1416338086128235,0.14391283690929413,0.1344040657409068,0.12450089173314265,0.11574271981079456,0.13561182899947516,0.12585127815783156,0.11742100072318315,0.13808470204069537,0.12808571432418195,0.11955911875830849,0.1406491407328241,0.13115687772239185,0.12294165665416783,0.14307208653392972,0.13445118024100208,0.12700973686976733
homography_macro__20260316_124453_tp00043.mp4__track5701__t33312_33402__00007251,D:\Embeddings_Distribution\raw_videos\20260316_124453_tp00043.mp4,20260316_124453_tp00043.mp4,5701,33312,33402,2331.8299197216784,2338.1298924874973,6.299972765818893,6.299972765818893,0.6681949123740196,0.2923080623149872,0.0045566470773937,0.8257692191791357,0.0579806610378391,normal_test,0.13015851378440857,0.13194133341312408,0.1387653797864914,0.14816370606422424,0.15699148178100586,0.10758776522497014,0.09014081200263029,0.0843417333735616,0.11002301837970976,0.09399111353859665,0.08860821339242575,0.11487468753644528,0.09836309176689734,0.09273519596618642,0.12256363661734429,0.10553194806353511,0.0993413845953651,0.13055281380303443,0.11291329734416441,0.10613736964605777
homography_macro__20260315_130536_tp00036.mp4__track6485__t39072_39162__00003468,D:\Embeddings_Distribution\raw_videos\20260315_130536_tp00036.mp4,20260315_130536_tp00036.mp4,6485,39072,39162,2734.983238729736,2741.2831079835664,6.2998692538308205,6.2998692538308205,0.8191578201949596,0.6771810054779053,0.0324563081401365,0.8340126664826104,0.1416454589705875,normal_test,0.12109024822711945,0.13145403563976288,0.13815192878246307,0.14453846216201782,0.15011519193649292,0.1080677510337623,0.1046834376545824,0.1005102307091437,0.12268981403771816,0.11808132898662804,0.1129101194299958,0.12931007448347454,0.12401109334502669,0.11838891659184778,0.13635583972373555,0.13171646415192811,0.12608628274192252,0.14306002806026646,0.13932645127552637,0.13385468854863822
homography_macro__20260315_130536_tp00036.mp4__track3558__t22848_22938__00003171,D:\Embeddings_Distribution\raw_videos\20260315_130536_tp00036.mp4,20260315_130536_tp00036.mp4,3558,22848,22938,1599.3268079058405,1605.626677159671,6.2998692538308205,6.2998692538308205,0.8931718058884144,0.8762212991714478,0.0337408861566636,0.8436409953524282,0.0947982941970166,normal_test,0.13517847657203674,0.13599622249603271,0.13793665170669556,0.14036835730075836,0.14402371644973755,0.11701335087488389,0.10786147712535128,0.103585630078063,0.12083584052448165,0.11371722520460761,0.10937989174429978,0.12308792898304535,0.11636962517740707,0.1118707731510819,0.12661304820212316,0.1210025361369572,0.11633547806845808,0.13036584940195073,0.12525904946021504,0.12052308967025738
homography_macro__20260315_130536_tp00036.mp4__track4303__t25632_25722__00003257,D:\Embeddings_Distribution\raw_videos\20260315_130536_tp00036.mp4,20260315_130536_tp00036.mp4,4303,25632,25722,1794.202763491006,1800.5026327448368,6.2998692538308205,6.2998692538308205,0.8230571150779724,0.6773393750190735,0.0398761383165244,0.9541329351031624,0.0339052740968725,normal_test,0.134359210729599,0.13664108514785767,0.13776932656764984,0.14030931890010834,0.14329786598682404,0.13059825829811866,0.12388560217051865,0.1137691992268104,0.1323055773009974,0.12610545580031943,0.11671454299159206,0.13330079759786762,0.1275951441077245,0.11859164272029296,0.13603140652479223,0.13070474084285968,0.12191934914007063,0.1389418920684217,0.1341467559212125,0.12559953808348365
homography_macro__20260315_130536_tp00036.mp4__track4393__t26016_26106__00003276,D:\Embeddings_Distribution\raw_videos\20260315_130536_tp00036.mp4,20260315_130536_tp00036.mp4,4393,26016,26106,1821.082205640684,1827.3820748945147,6.2998692538308205,6.2998692538308205,0.8081820346415043,0.7413026094436646,0.051053999394127,0.970738189216336,0.0211648853330934,normal_test,0.1303187757730484,0.13325649499893188,0.1371840089559555,0.14128759503364563,0.14749780297279358,0.12310463707883254,0.11842022975366179,0.11663211834335321,0.12530364425589818,0.12016284338574432,0.11834022584927611,0.12825238736550307,0.12234863602012809,0.1203849521043544,0.1315022140709554,0.1250008133323577,0.12306888144947828,0.13653202100383927,0.1294363240121832,0.12732312943406576
homography_macro__20260315_104219_tp00035.mp4__track909__t10320_10410__00001514,D:\Embeddings_Distribution\raw_videos\20260315_104219_tp00035.mp4,20260315_104219_tp00035.mp4,909,10320,10410,722.4004263813687,728.7004300998108,6.300003718442099,6.300003718442099,0.733155557885766,0.3961580693721771,0.0174753801020303,0.6739428509690165,0.1883726169811069,normal_test,0.12849362194538116,0.1337224245071411,0.136428102850914,0.13997229933738708,0.14591452479362488,0.11779510691053366,0.10741384261740611,0.10176247652530628,0.12150419083692005,0.11050286975963483,0.1046804273597021,0.12343394247047934,0.11218967605951313,0.10631129483153745,0.12636048753820814,0.11499376843890743,0.10906398184019855,0.1313245812185149,0.11942266118974301,0.1132937926495699
homography_macro__20260315_130536_tp00036.mp4__track4393__t26256_26346__00003286,D:\Embeddings_Distribution\raw_videos\20260315_130536_tp00036.mp4,20260315_130536_tp00036.mp4,4393,26256,26346,1837.8818569842329,1844.1817262380637,6.299869253830593,6.299869253830593,0.8133672215044498,0.7480355501174927,0.0528642222311828,0.9250437557335568,0.095388855162485,normal_test,0.12968072295188904,0.13359493017196655,0.13633501529693604,0.14494791626930237,0.1524978131055832,0.12449929312671801,0.12167028052152482,0.12007747690400626,0.12744493150459585,0.12451771571742574,0.12289007375556728,0.13003002146076642,0.1275035939523964,0.12600485644682563,0.13677474342426432,0.13331142933858847,0.1313760061176394,0.1434768247143552,0.13960912492667235,0.137424179830559
homography_macro__20260315_104219_tp00035.mp4__track1375__t15648_15738__00001759,D:\Embeddings_Distribution\raw_videos\20260315_104219_tp00035.mp4,20260315_104219_tp00035.mp4,1375,15648,15738,1095.360646513145,1101.6606502315872,6.300003718442213,6.300003718442213,0.7203398495912552,0.5818479657173157,0.0154249744405365,0.7940899132065412,0.1102460505343149,normal_test,0.12049128860235214,0.13104207813739777,0.13623520731925964,0.14281293749809265,0.14993718266487122,0.100855963817193,0.08538055143614497,0.07873425083386863,0.10848304881193563,0.0912963528601577,0.08372059242033206,0.11211255638129519,0.094176834975519,0.08630174922149653,0.11708493129360917,0.09862688235860681,0.09072361263129339,0.12263357267256919,0.1037257852612741,0.09610145738729994
homography_macro__20260315_130536_tp00036.mp4__track3559__t22896_22986__00003175,D:\Embeddings_Distribution\raw_videos\20260315_130536_tp00036.mp4,20260315_130536_tp00036.mp4,3559,22896,22986,1602.6867381745503,1608.9866074283811,6.2998692538308205,6.2998692538308205,0.8748011440038681,0.8056696057319641,0.0439422239746425,0.8427591865359243,0.1083777300649023,normal_test,0.11859146505594254,0.12919212877750397,0.1355218142271042,0.1455763876438141,0.15315832197666168,0.09327093642912077,0.08926409322229312,0.08970837827371879,0.10008150687619446,0.09518438046039668,0.09533829574780267,0.10412712436139723,0.09846024943389926,0.09833058779702825,0.11052025537508733,0.10361555877611148,0.10303354184899452,0.11559675164949626,0.10783868395379842,0.10700661492854521
homography_macro__20260315_130536_tp00036.mp4__track7127__t43728_43818__00003614,D:\Embeddings_Distribution\raw_videos\20260315_130536_tp00036.mp4,20260315_130536_tp00036.mp4,7127,43728,43818,3060.896474794581,3067.1963440484124,6.2998692538308205,6.2998692538308205,0.7418063301593065,0.4274201691150665,0.0260759172501726,0.6547339315210347,0.3416482365456607,normal_test,0.12866519391536713,0.13252055644989014,0.135494202375412,0.1400010585784912,0.14777088165283203,0.1178216105156919,0.10716228403059072,0.10052021726490694,0.12230902186737713,0.11155638987787861,0.10496033295068809,0.1251052163534988,0.11429905393465944,0.10773601674033241,0.12986601419249214,0.11983655555872388,0.11409862323681051,0.14091239374789755,0.1317689157160762,0.12681178284102557
homography_macro__20260315_130536_tp00036.mp4__track4393__t26064_26154__00003278,D:\Embeddings_Distribution\raw_videos\20260315_130536_tp00036.mp4,20260315_130536_tp00036.mp4,4393,26064,26154,1824.4421359093935,1830.7420051632248,6.2998692538308205,6.2998692538308205,0.810909666121006,0.7413026094436646,0.0540759845848156,0.9661011149642248,0.0434877246763131,normal_test,0.1273861676454544,0.13088060915470123,0.13537105917930603,0.14010027050971985,0.14698834717273712,0.1216199672071476,0.12048978732393911,0.11890611664086292,0.12454502817575948,0.12303887276515832,0.12115410363431799,0.12805891483382092,0.1261164087827536,0.12384816836879188,0.13199441967344067,0.12962717654807648,0.12704027108079452,0.13756897691620515,0.1347497073892522,0.13183087555923778
homography_macro__20260315_130536_tp00036.mp4__track6620__t40320_40410__00003546,D:\Embeddings_Distribution\raw_videos\20260315_130536_tp00036.mp4,20260315_130536_tp00036.mp4,6620,40320,40410,2822.3414257161894,2828.64129497002,6.2998692538308205,6.2998692538308205,0.8401783481240273,0.6410990953445435,0.0285272783760068,0.7036524822933714,0.2466868730799602,normal_test,0.13099373877048492,0.1319023221731186,0.13442912697792053,0.14019255340099335,0.14726047217845917,0.10592244276212995,0.10170808023188269,0.1016464204392743,0.10787322101531559,0.10498002535946105,0.10542125534593777,0.1105920137348626,0.10801798158035396,0.10852308777341463,0.11551079209968532,0.11294353288974907,0.11346398747225382,0.12140579985060253,0.11848718486420998,0.11891810107721004
homography_macro__20260315_130536_tp00036.mp4__track4303__t25584_25674__00003255,D:\Embeddings_Distribution\raw_videos\20260315_130536_tp00036.mp4,20260315_130536_tp00036.mp4,4303,25584,25674,1790.8428332222963,1797.142702476127,6.299869253830593,6.299869253830593,0.8364864476025105,0.7329360246658325,0.0392604837780291,0.955417592339542,0.0378574798358237,normal_test,0.132071852684021,0.13286350667476654,0.13428765535354614,0.13705268502235413,0.1407712697982788,0.11752055774592225,0.10122395504539969,0.09094249774924099,0.12062421057033722,0.10548123926569226,0.09532249470492485,0.12316271391182267,0.10829171566689456,0.09805652201153026,0.12691802694562004,0.11222616133536054,0.10176514628113947,0.1316016119881654,0.11682229340247531,0.10598050484920242
homography_macro__20260315_130536_tp00036.mp4__track6575__t39408_39498__00003490,D:\Embeddings_Distribution\raw_videos\20260315_130536_tp00036.mp4,20260315_130536_tp00036.mp4,6575,39408,39498,2758.502750610704,2764.802619864535,6.2998692538308205,6.2998692538308205,0.8060410209000111,0.7491087317466736,0.0114530606033204,0.9523030650058016,0.06793405931842,normal_test,0.12663455307483673,0.13062681257724762,0.1341717541217804,0.14046108722686768,0.1467778980731964,0.12533871009051492,0.12179901575923571,0.1230219984841805,0.12856683047291825,0.1245109480754579,0.12571471039955037,0.131126857490251,0.12660225169534756,0.1276827538102354,0.13619568927280656,0.130960490847538,0.1317585309111281,0.14140835970340754,0.1355578385053074,0.13617444122229355
homography_macro__20260315_130536_tp00036.mp4__track4393__t26352_26442__00003291,D:\Embeddings_Distribution\raw_videos\20260315_130536_tp00036.mp4,20260315_130536_tp00036.mp4,4393,26352,26442,1844.6017175216523,1850.901586775483,6.2998692538308205,6.2998692538308205,0.8367267660796642,0.7901180386543274,0.0551673023657623,0.9269070060984618,0.0720890763949936,normal_test,0.12959887087345123,0.13210856914520264,0.13394007086753845,0.1421850472688675,0.14999531209468842,0.12683737563990383,0.12511701446183243,0.12353669575562991,0.1299085962780383,0.12862416067876287,0.12706130112441982,0.13231835052314003,0.13142135661494894,0.12989204754123138,0.13951609491950737,0.1384557098552141,0.13661689015266362,0.1470160560582025,0.1456689381637921,0.1435089763235773
homography_macro__20260315_130536_tp00036.mp4__track6476__t39696_39786__00003507,D:\Embeddings_Distribution\raw_videos\20260315_130536_tp00036.mp4,20260315_130536_tp00036.mp4,6476,39696,39786,2778.6623322229625,2784.9622014767933,6.2998692538308205,6.2998692538308205,0.8039197474718094,0.6606909036636353,0.0311644863918012,0.8610608825785299,0.1726696461844089,normal_test,0.12595327198505402,0.13094453513622284,0.13387010991573334,0.13751442730426788,0.14050143957138062,0.12356968355313647,0.12099033859329485,0.11895226386974009,0.12960204770675482,0.12639050193979753,0.1238190144690969,0.13279016155883325,0.12938468222491162,0.12658851653626568,0.13698864868108496,0.1333734680705873,0.13034746421866195,0.14091590513546054,0.1373498546778988,0.13434207391381867
homography_macro__20260315_130536_tp00036.mp4__track6485__t39552_39642__00003497,D:\Embeddings_Distribution\raw_videos\20260315_130536_tp00036.mp4,20260315_130536_tp00036.mp4,6485,39552,39642,2768.582541416833,2774.882410670664,6.299869253830366,6.299869253830366,0.840469591319561,0.7591561079025269,0.0323937793363145,0.9447643131801602,0.0515760188303606,normal_test,0.12743104994297028,0.12818025052547455,0.13385744392871857,0.1395176649093628,0.14395295083522797,0.11673546210411993,0.11535894998664928,0.115253729228485,0.11834090876970432,0.11837388149406884,0.11875552486939682,0.12234472758557526,0.12185682744991809,0.12199188316762606,0.12669090300540536,0.1262879410470481,0.12637423878190712,0.1306390765978755,0.13136373307181787,0.13184630378669993
homography_macro__20260329_140358_tp00074.mp4__track1880__t46416_46506__00018375,D:\Embeddings_Distribution\raw_videos\20260329_140358_tp00074.mp4,20260329_140358_tp00074.mp4,1880,46416,46506,3249.121294218795,3255.421296728268,6.300002509472961,6.300002509472961,0.8766904808580875,0.8484757542610168,0.0466633272388205,0.9781955569252072,0.0118646392308677,normal_test,0.13020363450050354,0.13209623098373413,0.1336393654346466,0.1353144347667694,0.1377170830965042,0.12094461941015304,0.10545801593017326,0.09789881789250103,0.1234488108091277,0.10895040624400346,0.10169357653074526,0.12504281357481833,0.11080958864085771,0.10369039249311848,0.12739577326773535,0.11355167501000665,0.10669145357325936,0.13132537566236802,0.11811390814732431,0.11150524067045364
homography_macro__20260315_130536_tp00036.mp4__track6485__t39696_39786__00003506,D:\Embeddings_Distribution\raw_videos\20260315_130536_tp00036.mp4,20260315_130536_tp00036.mp4,6485,39696,39786,2778.6623322229625,2784.9622014767933,6.2998692538308205,6.2998692538308205,0.8522153869271278,0.7961109280586243,0.0337512408496455,0.8674482412802323,0.113508154892955,normal_test,0.12170754373073578,0.12973736226558685,0.13331560790538788,0.13844755291938782,0.14403538405895233,0.11914230676633722,0.11777815717272141,0.11599585781838156,0.12564461310434757,0.1227773582761762,0.12057296818788621,0.1290265762097378,0.12558410506021028,0.12321898037446412,0.13363550645667685,0.12944894396618892,0.1269278834383875,0.1383351668849915,0.13373193617974521,0.1312095105920403
homography_macro__20260315_104219_tp00035.mp4__track632__t5904_5994__00001343,D:\Embeddings_Distribution\raw_videos\20260315_104219_tp00035.mp4,20260315_104219_tp00035.mp4,632,5904,5994,413.2802439298063,419.5802476482484,6.300003718442156,6.300003718442156,0.4859784077852964,0.3560658693313598,0.005468548035287,0.9748050349483164,0.0243605002112644,normal_test,0.09473970532417297,0.10930878669023514,0.13321784138679504,0.15678033232688904,0.17842736840248108,0.0977324943807139,0.08947037916166911,0.08785636467920899,0.10772276460202831,0.0970275808654987,0.09432858267420816,0.1251086606766662,0.10962413859906911,0.10480897067447055,0.14608950596877382,0.12586154471314254,0.1187070030361281,0.16783273284041256,0.14373884535438608,0.13439474521878594
homography_macro__20260315_130536_tp00036.mp4__track7065__t43392_43482__00003600,D:\Embeddings_Distribution\raw_videos\20260315_130536_tp00036.mp4,20260315_130536_tp00036.mp4,7065,43392,43482,3037.376962913613,3043.676832167444,6.2998692538308205,6.2998692538308205,0.7484132442623377,0.4937083125114441,0.0238844475882557,0.6226863350050812,0.4896686361091781,normal_test,0.1286850869655609,0.13045626878738403,0.13300350308418274,0.1387731283903122,0.14766471087932587,0.11108762052406417,0.1038834340486105,0.10205884016979555,0.1128598995026099,0.10700291404328732,0.10610213430697833,0.11559284974984743,0.11006774234655868,0.10934816203363024,0.12100514384984569,0.11561817734333327,0.11508512862221247,0.1286388086298659,0.12300247903381463,0.12260978744648708
homography_macro__20260315_130536_tp00036.mp4__track4393__t26208_26298__00003284,D:\Embeddings_Distribution\raw_videos\20260315_130536_tp00036.mp4,20260315_130536_tp00036.mp4,4393,26208,26298,1834.521926715523,1840.8217959693536,6.2998692538308205,6.2998692538308205,0.7814850956201553,0.6380248069763184,0.0556015664894796,0.941141765973917,0.0389537032379939,normal_test,0.12324396520853043,0.1270170956850052,0.13197331130504608,0.13662365078926086,0.1435866355895996,0.1184916196123491,0.11711899073808593,0.11695478801487585,0.12166976219135019,0.1201269700005616,0.11982413758879189,0.12577285220934925,0.1239588284560725,0.12341670393993041,0.13038075998331244,0.12846498851522536,0.12773671124112393,0.13627849108511103,0.13415099206012254,0.1332813518784413
homography_macro__20260315_130536_tp00036.mp4__track6485__t39408_39498__00003488,D:\Embeddings_Distribution\raw_videos\20260315_130536_tp00036.mp4,20260315_130536_tp00036.mp4,6485,39408,39498,2758.502750610704,2764.802619864535,6.2998692538308205,6.2998692538308205,0.854284331202507,0.74644935131073,0.0340600923700095,0.9460009894356028,0.0646446754435889,normal_test,0.12836894392967224,0.13073916733264923,0.13183356821537018,0.13524657487869263,0.13901063799858093,0.11853331457134954,0.1198101205606659,0.1229534803188769,0.1205818290183463,0.1219216429337678,0.12534560915681583,0.12196348592926444,0.12332594244234175,0.12688645003150487,0.12540909408585277,0.1267038508053075,0.13029378193056632,0.1291236690283865,0.1304705900451572,0.13417451495459692
homography_macro__20260317_101644_tp00048.mp4__track1495__t45024_45114__00009627,D:\Embeddings_Distribution\raw_videos\20260317_101644_tp00048.mp4,20260317_101644_tp00048.mp4,1495,45024,45114,3151.666499648479,3157.966472662169,6.299973013689851,6.299973013689851,0.8073780052363873,0.7659773230552673,0.0118851453966302,0.9420520098645422,0.0251462878170021,normal_test,0.12556377053260803,0.13027355074882507,0.1317298710346222,0.13365013897418976,0.13846777379512787,0.12433668951550672,0.12279640694893974,0.12139292639206818,0.12826603866300051,0.12622305804368633,0.12456816771375091,0.13027859475825987,0.12821286334729065,0.12651834064973094,0.13295340359746122,0.13125170888664772,0.12979951020111102,0.13794440263337773,0.13636873629711985,0.1350310034755391
homography_macro__20260316_124453_tp00043.mp4__track1365__t9456_9546__00006711,D:\Embeddings_Distribution\raw_videos\20260316_124453_tp00043.mp4,20260316_124453_tp00043.mp4,1365,9456,9546,661.9171385953468,668.2171113611654,6.299972765818552,6.299972765818552,0.7551125921308994,0.6303170323371887,0.0072777920605586,0.8576921799513006,0.0581004349570046,normal_test,0.12794047594070435,0.13012667000293732,0.13129399716854095,0.13662953674793243,0.14472748339176178,0.10741276741930644,0.10350297543841971,0.0963336154119822,0.11431774339020664,0.11068158284278101,0.10283252960629082,0.11676478624029979,0.11366851805655748,0.10577770920022428,0.12355233360996722,0.12007168654029704,0.11158814710703933,0.13282207637309554,0.12844416200300107,0.11914305629987249
homography_macro__20260315_130536_tp00036.mp4__track6620__t40032_40122__00003525,D:\Embeddings_Distribution\raw_videos\20260315_130536_tp00036.mp4,20260315_130536_tp00036.mp4,6620,40032,40122,2802.181844103931,2808.4817133577617,6.2998692538308205,6.2998692538308205,0.7265951000154018,0.4307500720024109,0.0143504961597031,0.8619343790146512,0.2472347080567504,normal_test,0.12183517217636108,0.12760363519191742,0.13124029338359833,0.13941757380962372,0.14710578322410583,0.11747831084724014,0.1320050709841643,0.13337261555366584,0.12277139183153529,0.13699383834546525,0.13824870024719466,0.12555548060375846,0.13945959714242995,0.14062123860028522,0.13249487122879178,0.14533869992760173,0.14587134166789648,0.13993179793646862,0.15206116799653313,0.15212542481889274
homography_macro__20260315_130536_tp00036.mp4__track6476__t39312_39402__00003485,D:\Embeddings_Distribution\raw_videos\20260315_130536_tp00036.mp4,20260315_130536_tp00036.mp4,6476,39312,39402,2751.7828900732843,2758.082759327115,6.2998692538308205,6.2998692538308205,0.8795991465449333,0.8512342572212219,0.0418953269822241,0.949264206244112,0.0436856243290088,normal_test,0.12477105855941772,0.12822364270687103,0.13040439784526825,0.132985457777977,0.13622209429740906,0.13271946451378727,0.13159800233897312,0.13024849287280904,0.13728124590987711,0.13552521397202905,0.13376096739952736,0.1396314280134992,0.13786125640372063,0.13601186359272963,0.14274685614891697,0.14137459066337824,0.13980580785847757,0.14651436421217792,0.14560276521396137,0.14439715029554384
homography_macro__20260316_124453_tp00043.mp4__track5655__t33120_33210__00007243,D:\Embeddings_Distribution\raw_videos\20260316_124453_tp00043.mp4,20260316_124453_tp00043.mp4,5655,33120,33210,2318.3899778212653,2324.689950587084,6.299972765818893,6.299972765818893,0.4222498182207346,0.3580999076366424,0.0036532664130441,0.9447867237357496,0.022731820331734,normal_test,0.12892720103263855,0.12945245206356049,0.13037559390068054,0.13174666464328766,0.13321827352046967,0.10489715367780386,0.09584162876217248,0.09270362965315179,0.10638499568547594,0.09769545511031329,0.094792062487597,0.10747402734033937,0.09894651254470332,0.09614179097485744,0.10910177903706997,0.10093089040328482,0.09840524179068134,0.1111061601149114,0.10322400499178921,0.1010126074649175
homography_macro__20260315_130536_tp00036.mp4__track4532__t26352_26448__00003292,D:\Embeddings_Distribution\raw_videos\20260315_130536_tp00036.mp4,20260315_130536_tp00036.mp4,4532,26352,26448,1844.6017175216523,1851.321578059072,6.719860537419436,6.719860537419436,0.6354713942855597,0.3042596578598022,0.032554205789234,0.8288343691107305,0.0848775919917781,normal_test,0.12374679744243622,0.12727360427379608,0.13020159304141998,0.13562723994255066,0.14290767908096313,0.12301312117050398,0.12241615114474474,0.12119522188589943,0.12710748666213084,0.1263810907062355,0.12495784240504072,0.13050603497376143,0.12960537956840726,0.12805087485006267,0.13685015497924546,0.13605924035478079,0.13422576245959486,0.143825424662418,0.14284576093347595,0.1407150081442745
homography_macro__20260315_130536_tp00036.mp4__track4303__t25968_26058__00003272,D:\Embeddings_Distribution\raw_videos\20260315_130536_tp00036.mp4,20260315_130536_tp00036.mp4,4303,25968,26058,1817.7222753719743,1824.022144625805,6.2998692538308205,6.2998692538308205,0.8525684289634228,0.7943013906478882,0.0397762047908767,0.973654865025567,0.0230397378448996,normal_test,0.12681318819522858,0.12817838788032532,0.13019275665283203,0.1336688995361328,0.13713786005973816,0.12190308180006643,0.11641336173356669,0.11266214237049543,0.12357755830704126,0.1187307697353874,0.11567057594255255,0.12582626144985837,0.12123656226650775,0.11844535411083436,0.1294786538774644,0.12520810577107344,0.12281350858738226,0.13383117709310366,0.12969941003517502,0.12755884651070673
homography_macro__20260315_130536_tp00036.mp4__track6575__t39456_39546__00003493,D:\Embeddings_Distribution\raw_videos\20260315_130536_tp00036.mp4,20260315_130536_tp00036.mp4,6575,39456,39546,2761.862680879414,2768.1625501332446,6.2998692538308205,6.2998692538308205,0.7960165366530418,0.7491087317466736,0.0117685745217869,0.9384943355875268,0.0959895733752802,normal_test,0.12065093964338303,0.1258441060781479,0.13009513914585114,0.136415496468544,0.14750553667545319,0.11249438658233585,0.11344013579247768,0.115211925419814,0.11705026642926057,0.11752780371444646,0.11892934706219307,0.12001080566123362,0.1201425499148612,0.12135827722201825,0.12447087834719792,0.12443570025790937,0.12559377573969124,0.13200314794798382,0.1307388094474594,0.13135929288236795
homography_macro__20260315_130536_tp00036.mp4__track6485__t39600_39690__00003500,D:\Embeddings_Distribution\raw_videos\20260315_130536_tp00036.mp4,20260315_130536_tp00036.mp4,6485,39600,39690,2771.942471685543,2778.2423409393737,6.2998692538308205,6.2998692538308205,0.8642102777957916,0.7591561079025269,0.0362353341922026,0.972438300316657,0.0188253834240795,normal_test,0.1225561648607254,0.12806247174739838,0.13001380860805511,0.1325691044330597,0.13566884398460388,0.11527181329692913,0.10947666714185725,0.1076504963651028,0.11954117526131482,0.11428176065155067,0.11253694644505376,0.12144199788143287,0.11706578710729804,0.11593686198108887,0.12444388627615176,0.12132963505764385,0.12074805335273275,0.1280570101973052,0.12619949200218925,0.12615113111817733
homography_macro__20260317_101644_tp00048.mp4__track1592__t47520_47640__00009678,D:\Embeddings_Distribution\raw_videos\20260317_101644_tp00048.mp4,20260317_101644_tp00048.mp4,1592,47520,47640,3326.385751228139,3334.785715246392,8.399964018253286,8.399964018253286,0.4530008863657713,0.2565994262695312,0.0047643773528363,0.914918330614719,0.0261918072152343,normal_test,0.12172047793865204,0.12685436010360718,0.12997686862945557,0.13493743538856506,0.14101597666740417,0.10363047042014306,0.09747881922474208,0.0931877205049393,0.10791916869185258,0.10170450005504539,0.09746507205968295,0.11134192305148143,0.10512278877928916,0.10087838142252714,0.11689465797066395,0.1108539613863478,0.10669248838067955,0.1230014927634909,0.11690823415561277,0.11274929244024381
homography_macro__20260315_104219_tp00035.mp4__track1504__t18432_18522__00001903,D:\Embeddings_Distribution\raw_videos\20260315_104219_tp00035.mp4,20260315_104219_tp00035.mp4,1504,18432,18522,1290.240761536956,1296.5407652553984,6.300003718442213,6.300003718442213,0.380494536831975,0.3449712991714477,0.0059626825197548,0.9848990277539176,0.0041182732886566,normal_test,0.12800022959709167,0.1291355937719345,0.12977060675621033,0.131023570895195,0.13317692279815674,0.09540380061638422,0.08528236467069364,0.08122322321090308,0.09681720657831058,0.08660799366407548,0.08253554414805483,0.0975766641353171,0.08737097765686105,0.08331190328813463,0.09888469363291201,0.08860972208490066,0.08456572213092699,0.10108223192251864,0.09065342862178463,0.08658308277066501
homography_macro__20260315_130536_tp00036.mp4__track563__t4176_4266__00002519,D:\Embeddings_Distribution\raw_videos\20260315_130536_tp00036.mp4,20260315_130536_tp00036.mp4,563,4176,4266,292.3139333777482,298.6138026315789,6.299869253830764,6.299869253830764,0.7559655010700226,0.7251231670379639,0.0099623911065054,0.9007597833019484,0.1006718401179343,normal_test,0.11052584648132324,0.1252254843711853,0.12935777008533478,0.1349969208240509,0.14244066178798676,0.0934681752283043,0.07834935362806651,0.07513946848062526,0.1049681376718885,0.08616326748061838,0.08106790081603578,0.10833929121109966,0.08854857630302453,0.0830586758645286,0.1131345008337064,0.09209522660544178,0.08617292934259224,0.11922879606632399,0.09657271892842506,0.09017728828849329
homography_macro__20260315_104219_tp00035.mp4__track371__t3936_4062__00001334,D:\Embeddings_Distribution\raw_videos\20260315_104219_tp00035.mp4,20260315_104219_tp00035.mp4,371,3936,4062,275.52016261987086,284.3401678256899,8.82000520581903,8.82000520581903,0.4152984991669655,0.2823655307292938,0.0036436176751612,0.8982770689040664,0.0872998452309625,normal_test,0.1234833300113678,0.12604577839374542,0.12927845120429993,0.13342508673667908,0.14067338407039642,0.12040350468544832,0.1126379304383816,0.10564162115843011,0.12325425764935694,0.1161298460981878,0.11034646195707037,0.12698431415195938,0.11994980230001523,0.11435057840965247,0.13243566016589453,0.12592464783554586,0.1207278970378295,0.1402716568201594,0.13391106862527144,0.1288720466603384
homography_macro__20260315_130536_tp00036.mp4__track4532__t26304_26412__00003290,D:\Embeddings_Distribution\raw_videos\20260315_130536_tp00036.mp4,20260315_130536_tp00036.mp4,4532,26304,26412,1841.2417872529425,1848.8016303575396,7.559843104596894,7.559843104596894,0.6226462814956903,0.3042596578598022,0.0310940234631757,0.8560714551411426,0.0947866991776003,normal_test,0.1197749525308609,0.12489344924688339,0.12921933829784393,0.13642677664756775,0.1424938142299652,0.12365183432390267,0.12096835915982651,0.11995709146345979,0.12812680691495829,0.1249335011637917,0.12365122838179374,0.13175413979175624,0.12811771203754202,0.1267214930222893,0.1394042025372197,0.13473900869358338,0.13291962513177982,0.14633864951291764,0.14111661357757438,0.13906387911194182
homography_macro__20260317_101644_tp00048.mp4__track1495__t44784_44874__00009622,D:\Embeddings_Distribution\raw_videos\20260317_101644_tp00048.mp4,20260317_101644_tp00048.mp4,1495,44784,44874,3134.866571611973,3141.166544625663,6.299973013689396,6.299973013689396,0.7955311052501202,0.7486795783042908,0.0117535601216544,0.9339581201844251,0.0332961957489198,normal_test,0.11952758580446243,0.1255376785993576,0.12911051511764526,0.13290554285049438,0.13753899931907654,0.11586149010453012,0.11180774209178301,0.11103351741841092,0.11991830286722797,0.11464375434322349,0.11343181124712355,0.12276300549651971,0.11711339429208553,0.11563217359920058,0.1275834139192753,0.12218447510382435,0.12043070686905644,0.13324563956053156,0.12833593130168525,0.12636528345390755
homography_macro__20260315_130536_tp00036.mp4__track3559__t22800_22890__00003168,D:\Embeddings_Distribution\raw_videos\20260315_130536_tp00036.mp4,20260315_130536_tp00036.mp4,3559,22800,22890,1595.966877637131,1602.2667468909617,6.2998692538308205,6.2998692538308205,0.8240261003375053,0.7124837040901184,0.0304450098775628,0.95974382435632,0.0390965224440076,normal_test,0.12274722009897232,0.12703777849674225,0.12909750640392303,0.1341819167137146,0.14070966839790344,0.11099418989322002,0.10316811557447611,0.09780465937899113,0.11681285323299366,0.10908294606111914,0.10299122901956222,0.11886445838057075,0.11102702960617146,0.10480061143696452,0.12262889291156284,0.11418313150151788,0.10767778523701016,0.12736773057585843,0.11810983575787462,0.11125155261670412
homography_macro__20260315_130536_tp00036.mp4__track4393__t26160_26250__00003282,D:\Embeddings_Distribution\raw_videos\20260315_130536_tp00036.mp4,20260315_130536_tp00036.mp4,4393,26160,26250,1831.1619964468127,1837.461865700644,6.2998692538308205,6.2998692538308205,0.7739453688263893,0.6380248069763184,0.0568504782687902,0.9530405596976574,0.0389537032379939,normal_test,0.11988897621631622,0.12395677715539932,0.12895052134990692,0.13355067372322083,0.1405612975358963,0.11653313368777021,0.11651455626349441,0.11712362453966665,0.11963244894473292,0.11928541536010877,0.11979619239505634,0.12352643927044243,0.12267215533693873,0.12299167277838492,0.12796195964945314,0.126774052099561,0.12687808610782195,0.13384205906324226,0.13234653102542857,0.13225485272128135
homography_macro__20260317_101644_tp00048.mp4__track1495__t44976_45066__00009626,D:\Embeddings_Distribution\raw_videos\20260317_101644_tp00048.mp4,20260317_101644_tp00048.mp4,1495,44976,45066,3148.306514041178,3154.606487054868,6.299973013689396,6.299973013689396,0.7930403091013432,0.7167761921882629,0.0118418693294747,0.9124063724288716,0.0422287970929759,normal_test,0.12322075664997101,0.1260315328836441,0.1289493590593338,0.13266539573669434,0.13782577216625214,0.12198421641367446,0.1209127696134724,0.11939910695887936,0.12490419543312645,0.12364771582214729,0.12206089742128234,0.12739971106019102,0.1257560313233167,0.12411346874703363,0.13103497552357496,0.12934516364278828,0.12787822346010402,0.1363101658054509,0.13462883380945576,0.1332882602367983
homography_macro__20260315_104219_tp00035.mp4__track632__t6000_6090__00001345,D:\Embeddings_Distribution\raw_videos\20260315_104219_tp00035.mp4,20260315_104219_tp00035.mp4,632,6000,6090,420.0002478961446,426.3002516145867,6.300003718442156,6.300003718442156,0.5016848538070917,0.3185906112194061,0.0052972228816395,0.8963096309984255,0.1114975757272988,normal_test,0.10801997035741806,0.11495878547430038,0.12863662838935852,0.14912042021751404,0.1717221438884735,0.10232508347170677,0.09894778755316828,0.09509977200877284,0.11168144535645401,0.10850097579643186,0.10362242857255101,0.1276116740382025,0.12450044249598755,0.1177515782982749,0.14900728059455798,0.14524306897990727,0.1363233488311181,0.17135068009969232,0.1668552031902672,0.15609903152580512
