tubelet_id,video_id,track_id,start_time_sec,end_time_sec,pose_score,pose_score_smooth,pose_hit_raw,pose_hit_smooth,pose_persistent_hit,pose_valid_frame_ratio,pose_mean_keypoint_conf,pose_valid_keypoint_ratio_mean,pose_wrist_speed_p95,pose_ankle_speed_p95,pose_limb_speed_p95,pose_limb_accel_p95,pose_body_angle_change_p95,pose_crouch_change_p95,pose_arm_extension_change_p95,pose_asymmetry_motion_p95
pose__20260316_113834_tp00042.mp4__track5__t234_303__00011198,20260316_113834_tp00042.mp4,5,16.379841868402533,21.209795239854564,1215.3087087639024,270.12849694075425,True,True,True,0.875,0.7209230661392212,0.3112744987010956,6.335115909576416,0.0,6.325496673583984,31.0235538482666,0.0,0.0,0.581227719783783,0.0
pose__20260315_130536_tp00036.mp4__track6630__t39942_40011__00008289,20260315_130536_tp00036.mp4,6630,2795.8819748501,2800.71187461137,208.29571567642003,208.29571567642003,True,True,False,1.0,0.7610719799995422,0.36764705181121826,1.8990790843963623,0.0,1.8990790843963623,0.0,0.0,0.0,1.4012662172317505,1.5813274383544922
pose__20260316_113834_tp00042.mp4__track2076__t10548_10617__00011939,20260316_113834_tp00042.mp4,2076,738.352871914145,743.182825285597,181.15914037499536,58.84897356380775,True,True,True,1.0,0.8226270079612732,0.4803921580314636,0.39221957325935364,0.0,0.331682413816452,1.6200175285339355,0.0,0.0,0.3227140009403229,1.9312046766281128
pose__20260315_130536_tp00036.mp4__track100__t1026_1095__00005454,20260315_130536_tp00036.mp4,100,71.81850949367089,76.64840925494116,164.71744542134573,70.03265766382931,True,True,True,1.0,0.9263694286346436,0.9313725233078003,0.8371981978416443,2.7816076278686523,3.306709051132202,4.682456970214844,0.9204469323158264,0.09977305680513382,0.29780495166778564,0.2682455778121948
pose__20260315_104219_tp00035.mp4__track134__t2394_2463__00003121,20260315_104219_tp00035.mp4,134,167.58009891056167,172.41010176136734,129.373580700169,49.913741286188774,True,False,True,1.0,0.7905433773994446,0.3799019753932953,1.4631843566894531,0.0,1.4380921125411987,1.5076533555984497,0.0,0.0,1.6627171039581299,0.0
pose__20260315_130536_tp00036.mp4__track2523__t14742_14811__00006909,20260315_130536_tp00036.mp4,2523,1031.9185837774817,1036.748483538752,129.15136587312657,73.80046634657239,True,True,False,1.0,0.8078999519348145,0.9338235259056091,1.1760220527648926,0.9655633568763733,1.0922774076461792,5.998663902282715,2.9301671981811523,0.14369820058345795,0.5256999731063843,3.6545162200927734
pose__20260315_130536_tp00036.mp4__track6485__t39762_39831__00008264,20260315_130536_tp00036.mp4,6485,2783.2822363424384,2788.1121361037085,126.28734961451636,78.44802111111332,True,True,False,0.9583333134651184,0.7741289734840393,0.45098039507865906,2.2284443378448486,0.0,2.46988582611084,9.773334503173828,0.5204641819000244,0.08297839760780334,0.7820024490356445,4.824021339416504
pose__20260315_130536_tp00036.mp4__track2523__t14760_14829__00006912,20260315_130536_tp00036.mp4,2523,1033.1785576282475,1038.008457389518,125.69339310484645,87.32484956435394,True,True,False,1.0,0.7695221304893494,0.9166666865348816,1.8249802589416504,0.9655633568763733,1.639509677886963,11.468835830688477,2.925720453262329,0.14321349561214447,0.606824517250061,3.6545162200927734
pose__20260315_130536_tp00036.mp4__track3559__t22788_22857__00007566,20260315_130536_tp00036.mp4,3559,1595.1268950699534,1599.9567948312238,123.94787299409005,46.7743084688554,True,False,False,1.0,0.7749574184417725,0.36764705181121826,1.79705011844635,0.0,1.2790279388427734,0.7981933951377869,0.0,0.0,0.10987706482410431,1.056066870689392
pose__20260315_130536_tp00036.mp4__track100__t1008_1077__00005453,20260315_130536_tp00036.mp4,100,70.55853564290473,75.388435404175,121.25380574396488,94.33319441327669,True,True,False,1.0,0.9008420705795288,0.9191176295280457,0.7027696967124939,1.1911113262176514,0.9956101179122925,6.0778632164001465,0.9405451416969299,0.06452617794275284,0.29988396167755127,0.26935186982154846
pose__20260315_104219_tp00035.mp4__track134__t2340_2409__00003116,20260315_104219_tp00035.mp4,134,163.8000966794964,168.63009953030203,117.40031548431891,79.05067294001138,True,True,False,0.9166666865348816,0.8079292178153992,0.3651960790157318,1.2170813083648682,0.0,1.2016277313232422,0.7437272667884827,0.0,0.0,1.6565029621124268,0.0
pose__20260315_130536_tp00036.mp4__track100__t990_1059__00005452,20260315_130536_tp00036.mp4,100,69.29856179213857,74.12846155340884,117.26776806801469,109.00776798771815,True,True,False,1.0,0.8790429830551147,0.8872548937797546,0.7724442481994629,1.1911113262176514,1.0018713474273682,6.158717155456543,0.9912317395210266,0.06452617794275284,0.3984043598175049,0.26935186982154846
pose__20260315_104219_tp00035.mp4__track134__t2358_2427__00003117,20260315_104219_tp00035.mp4,134,165.06009742318483,169.89010027399047,116.90108850261217,83.345478578523,True,True,True,0.9166666865348816,0.7944211959838867,0.35049018263816833,1.2170813083648682,0.0,1.2016277313232422,0.7437272667884827,0.0,0.0,1.6565029621124268,0.0
pose__20260315_104219_tp00035.mp4__track134__t2376_2445__00003119,20260315_104219_tp00035.mp4,134,166.32009816687324,171.1501010176789,116.5291935867661,73.67779335571413,True,True,True,0.9166666865348816,0.7860901951789856,0.3553921580314636,1.2170813083648682,0.0,1.2016277313232422,0.7437272667884827,0.0,0.0,1.6565029621124268,0.0
pose__20260329_125235_tp00073.mp4__track1004__t58086_58155__00037317,20260329_125235_tp00073.mp4,1004,4065.98680167048,4070.8167622343904,113.66754798663891,32.696501531103465,True,False,False,0.9583333134651184,0.7072166204452515,0.46568626165390015,2.9794552326202393,0.0,2.463182210922241,8.889457702636719,0.3509262800216675,0.08281506597995758,0.198084756731987,0.42895370721817017
pose__20260315_130536_tp00036.mp4__track4393__t25776_25845__00007765,20260315_130536_tp00036.mp4,4393,1804.2825542971352,1809.112454058405,109.54107872853274,47.42497465976931,True,False,False,1.0,0.7931209802627563,0.6421568393707275,0.7290562391281128,0.0,0.9547391533851624,5.400108814239502,0.4992564916610718,0.07649213820695877,0.8119852542877197,0.7005751132965088
pose__20260329_163101_tp00076.mp4__track2761__t41400_41469__00040946,20260329_163101_tp00076.mp4,2761,2900.647304320601,2905.481716494469,105.83535929030941,105.83535929030941,True,True,False,0.125,0.9079551696777344,0.1200980395078659,2.910548448562622,2.696045160293579,2.978588104248047,11.113551139831543,0.5678054690361023,0.12137633562088013,0.18302622437477112,0.6852082014083862
pose__20260329_163101_tp00076.mp4__track2761__t41418_41487__00040948,20260329_163101_tp00076.mp4,2761,2901.90845532248,2906.742867496348,104.67477480678093,104.67477480678093,True,True,False,0.2916666567325592,0.9037536382675171,0.28431373834609985,2.8807222843170166,2.778865098953247,2.739671468734741,10.818370819091797,0.5839200019836426,0.11924009025096893,0.18251241743564606,0.7607054114341736
pose__20260315_130536_tp00036.mp4__track1846__t10530_10599__00006401,20260315_130536_tp00036.mp4,1846,737.0847026982012,741.9146024594714,104.34422323026845,62.12183549679201,True,True,True,0.9166666865348816,0.7450876832008362,0.48774510622024536,1.096040964126587,1.6728260517120361,1.5534967184066772,6.7268571853637695,1.1487499475479126,0.5035420656204224,0.31965479254722595,3.557110071182251
pose__20260315_130536_tp00036.mp4__track195__t1746_1815__00005614,20260315_130536_tp00036.mp4,195,122.21746352431713,127.0473632855874,104.01113574638819,54.887620074116654,True,False,False,1.0,0.8563748002052307,0.9289215803146362,0.4001743495464325,1.0911964178085327,0.7722159624099731,2.1492395401000977,0.634536862373352,0.17176871001720428,0.23276081681251526,0.2728545665740967
pose__20260317_101644_tp00048.mp4__track1249__t42156_42225__00020459,20260317_101644_tp00048.mp4,1249,2950.9073596122357,2955.737338922731,103.08936833686829,15.595073918645575,True,False,False,1.0,0.9156836867332458,0.8333333134651184,1.3271766901016235,0.6060510873794556,1.3652454614639282,5.574125289916992,0.5078976154327393,0.04139331355690956,0.2217313051223755,0.3140564262866974
pose__20260315_130536_tp00036.mp4__track6633__t40104_40173__00008313,20260315_130536_tp00036.mp4,6633,2807.221739506995,2812.0516392682657,101.85928027016838,26.686701646529276,True,False,False,0.6666666865348816,0.6306867599487305,0.3014705777168274,0.9112185835838318,0.0,0.9023907780647278,0.0,0.29494303464889526,0.45573049783706665,0.8167695999145508,0.3866199851036072
pose__20260316_113834_tp00042.mp4__track7083__t36486_36555__00013674,20260316_113834_tp00042.mp4,7083,2553.995343634764,2558.8252970062163,99.2480885611464,16.271168459655865,True,False,False,1.0,0.8312890529632568,0.38235294818878174,0.20294307172298431,0.0,0.7824275493621826,2.6478683948516846,0.0,0.0,1.0022169351577759,0.49496379494667053
pose__20260315_130536_tp00036.mp4__track6620__t39906_39975__00008283,20260315_130536_tp00036.mp4,6620,2793.3620271485674,2798.191926909838,99.09633188970376,81.29535179159262,True,True,False,0.9166666865348816,0.6663059592247009,0.3529411852359772,0.5322337746620178,0.0,0.9663150906562805,3.0064127445220947,1.3533908128738403,0.808648943901062,0.10556578636169434,0.48628079891204834
pose__20260315_130536_tp00036.mp4__track1846__t10494_10563__00006397,20260315_130536_tp00036.mp4,1846,734.5647549966689,739.3946547579392,98.84507114569871,66.27409951979394,True,True,False,1.0,0.7661128044128418,0.5710784196853638,0.8181164860725403,1.6728260517120361,1.65141761302948,6.701624870300293,1.1228569746017456,0.4637739658355713,0.31525692343711853,3.44738507270813
pose__20260315_130536_tp00036.mp4__track3559__t22806_22875__00007569,20260315_130536_tp00036.mp4,3559,1596.3868689207195,1601.2167686819898,98.54659655027223,50.966161244161555,True,False,False,1.0,0.7759258151054382,0.39950981736183167,1.79705011844635,0.0,1.1063538789749146,0.8860775828361511,0.0,0.0,0.10987706482410431,0.988183319568634
pose__20260315_130536_tp00036.mp4__track1846__t10512_10581__00006399,20260315_130536_tp00036.mp4,1846,735.824728847435,740.6546286087054,97.87350170508499,68.02915893908943,True,True,True,0.9583333134651184,0.7503945827484131,0.5416666865348816,1.0795007944107056,1.6728260517120361,1.6937406063079834,7.425200462341309,1.1306864023208618,0.48124560713768005,0.3190203607082367,3.497321367263794
pose__20260315_130536_tp00036.mp4__track6620__t40122_40191__00008315,20260315_130536_tp00036.mp4,6620,2808.4817133577617,2813.311613119032,96.05970328832854,45.97808675941473,True,False,True,0.9166666865348816,0.7659144997596741,0.343137264251709,0.24240216612815857,0.0,1.4655925035476685,0.0,0.0,0.0,0.8300328254699707,0.0
pose__20260315_130536_tp00036.mp4__track6620__t40104_40173__00008312,20260315_130536_tp00036.mp4,6620,2807.221739506995,2812.0516392682657,95.62269169936623,62.49712858645368,True,True,True,1.0,0.7831984162330627,0.3602941036224365,0.13586080074310303,0.0,1.2992490530014038,0.0,0.0,0.0,0.8435239195823669,0.0
pose__20260315_130536_tp00036.mp4__track6620__t40086_40155__00008309,20260315_130536_tp00036.mp4,6620,2805.961765656229,2810.7916654175,95.43165916630197,72.39796812967633,True,True,True,1.0,0.7736093997955322,0.35049018263816833,0.13586080074310303,0.0,1.2992490530014038,0.0,0.0,0.0,0.8435239195823669,0.0
pose__20260315_130536_tp00036.mp4__track6620__t40068_40137__00008305,20260315_130536_tp00036.mp4,6620,2804.701791805463,2809.531691566733,95.21113313600559,74.23266549084381,True,True,True,1.0,0.7590700387954712,0.33578431606292725,0.13586080074310303,0.0,1.2992490530014038,0.0,0.0,0.0,0.8435239195823669,0.0
pose__20260316_113834_tp00042.mp4__track1162__t6390_6459__00011428,20260316_113834_tp00042.mp4,1162,447.29568179099226,452.1256351624443,92.19631326593979,16.97000643205758,True,False,False,1.0,0.751976490020752,0.6470588445663452,0.656308114528656,0.0,0.5649945735931396,2.4152605533599854,2.5538487434387207,0.40636828541755676,0.3795311450958252,0.5069605708122253
pose__20260315_104219_tp00035.mp4__track2201__t27054_27123__00005236,20260315_104219_tp00035.mp4,2201,1893.781117763716,1898.6111206145213,90.92412205966146,71.04621123398955,True,True,False,1.0,0.7432198524475098,0.6078431606292725,2.8889124393463135,0.7060422897338867,3.3127100467681885,9.473409652709961,3.9871666431427,0.7036654353141785,0.6191773414611816,1.7352732419967651
pose__20260315_130536_tp00036.mp4__track2523__t14778_14847__00006915,20260315_130536_tp00036.mp4,2523,1034.438531479014,1039.2684312402844,90.0986593417856,93.49820316414305,True,True,True,1.0,0.7426323890686035,0.9142156839370728,3.1565675735473633,4.329465866088867,4.430070877075195,22.591400146484375,3.1236302852630615,0.2142605036497116,0.6630383133888245,3.967761516571045
pose__20260329_163101_tp00076.mp4__track2093__t38142_38211__00040756,20260329_163101_tp00076.mp4,2093,2672.378972980589,2677.2133851544563,88.9607447511134,46.72653618605896,True,False,False,0.1666666716337204,0.8192307353019714,0.12745098769664764,1.6779592037200928,1.5896046161651611,1.728681206703186,0.24113380908966064,0.16700419783592224,0.042608361691236496,1.2814459800720215,0.6409628987312317
pose__20260315_104219_tp00035.mp4__track1417__t18864_18933__00004581,20260315_104219_tp00035.mp4,1417,1320.4807793854786,1325.3107822362842,87.39501530261252,34.616859608715735,True,False,False,1.0,0.7500138878822327,0.529411792755127,0.5714171528816223,0.0,0.7679187655448914,5.615004539489746,2.6898598670959473,0.7924968600273132,0.336185097694397,1.0029407739639282
pose__20260315_130536_tp00036.mp4__track1308__t8676_8745__00006257,20260315_130536_tp00036.mp4,1308,607.3073960692872,612.1372958305574,87.12865308201611,61.02033398861859,True,True,False,1.0,0.7909303903579712,0.49754902720451355,1.8874503374099731,0.0,1.6851255893707275,6.766491889953613,0.2248373031616211,0.7301071882247925,0.6664076447486877,0.6940861344337463
pose__20260315_130536_tp00036.mp4__track4004__t24930_24999__00007732,20260315_130536_tp00036.mp4,4004,1745.063783311126,1749.8936830723962,86.76794401615835,80.42609031422943,True,True,False,1.0,0.729457437992096,0.5857843160629272,4.531955242156982,0.0,4.647231101989746,22.908008575439453,0.5469171404838562,0.2620964050292969,0.7046322822570801,0.2918626070022583
pose__20260317_101644_tp00048.mp4__track1146__t39618_39687__00020386,20260317_101644_tp00048.mp4,1146,2773.2481206261878,2778.0780999366825,83.70227247471317,58.45038250499984,True,True,False,1.0,0.7503958344459534,0.5759803652763367,0.9853957891464233,0.0,0.9245297312736511,2.9516406059265137,1.0504246950149536,0.2711769640445709,0.6271753907203674,0.5447784066200256
pose__20260316_113834_tp00042.mp4__track1753__t9576_9645__00011752,20260316_113834_tp00042.mp4,1753,670.3135287684729,675.1434821399249,82.8645243157138,37.26066400353008,True,False,False,0.875,0.7638099789619446,0.3284313678741455,1.7566206455230713,0.0,3.296346664428711,8.75515079498291,0.0,0.0,1.8170148134231567,0.04127189889550209
pose__20260317_101644_tp00048.mp4__track1146__t39636_39705__00020387,20260317_101644_tp00048.mp4,1146,2774.508115228925,2779.3380945394206,82.11889630319884,54.23176717609367,True,False,False,1.0,0.7621250152587891,0.6029411554336548,0.849943995475769,1.1378315687179565,0.8590373992919922,3.0295214653015137,0.4490072727203369,0.2718310058116913,0.6270631551742554,0.5270682573318481
pose__20260316_113834_tp00042.mp4__track1753__t9630_9699__00011762,20260316_113834_tp00042.mp4,1753,674.0934922765658,678.9234456480178,82.03194409663718,31.70879936637024,True,False,False,1.0,0.760564386844635,0.3799019753932953,0.4348791539669037,0.0,0.5810998678207397,1.1458700895309448,0.0,0.0,2.8675100803375244,0.23161113262176514
pose__20260315_104219_tp00035.mp4__track1417__t18846_18915__00004578,20260315_104219_tp00035.mp4,1417,1319.22077864179,1324.0507814925957,81.42010210353972,44.64392347855207,True,False,False,0.875,0.7477717399597168,0.47058823704719543,0.5970363020896912,0.0,1.4173133373260498,5.574421405792236,2.6962130069732666,0.7793357372283936,0.35270828008651733,1.0029407739639282
pose__20260316_113834_tp00042.mp4__track1753__t9540_9609__00011746,20260316_113834_tp00042.mp4,1753,667.793553096411,672.623506467863,79.92231552510214,54.53574416846943,True,False,False,0.875,0.7429611682891846,0.44607841968536377,0.5213220119476318,0.0,0.517142653465271,8.228231430053711,1.4645386934280396,0.07068410515785217,1.6056287288665771,0.20952682197093964
pose__20260315_130536_tp00036.mp4__track215__t2466_2535__00005769,20260315_130536_tp00036.mp4,215,172.61641755496336,177.44631731623363,78.98331980729624,35.649615792343994,True,False,False,1.0,0.8507413864135742,0.7573529481887817,0.9188413023948669,0.46756401658058167,0.6749873757362366,3.9375526905059814,0.8388359546661377,0.06525161117315292,0.7373422384262085,0.3541719913482666
pose__20260315_130536_tp00036.mp4__track4004__t25128_25197__00007738,20260315_130536_tp00036.mp4,4004,1758.9234956695536,1763.753395430824,77.94159286016787,63.24207505138001,True,True,True,1.0,0.7562469244003296,0.5833333134651184,4.904537200927734,0.0,4.122815132141113,20.507732391357422,0.3130291998386383,0.20883871614933014,0.6765048503875732,1.034902572631836
pose__20260315_130536_tp00036.mp4__track4004__t24948_25017__00007733,20260315_130536_tp00036.mp4,4004,1746.323757161892,1751.1536569231623,76.63287853981929,76.24968658650496,True,True,False,1.0,0.7268524169921875,0.5759803652763367,4.383788585662842,0.0,4.557592391967773,21.75568389892578,0.5044509768486023,0.2620964050292969,0.45015400648117065,0.23830488324165344
pose__20260316_113834_tp00042.mp4__track2327__t11466_11535__00012091,20260316_113834_tp00042.mp4,2327,802.6122515517242,807.4422049231762,75.49899544942843,34.016183998408245,True,False,False,0.9583333134651184,0.8282251358032227,0.4632352888584137,0.3372729420661926,0.0,0.3775980472564697,1.4677373170852661,0.0,0.0,0.10606780648231506,0.0
pose__20260316_113834_tp00042.mp4__track5__t72_141__00011179,20260316_113834_tp00042.mp4,5,5.039951344123857,9.869904715575888,75.1745243576018,254.267343373219,True,True,True,0.0416666679084301,0.5191003680229187,0.036764707416296005,0.0,0.0,0.8332303166389465,0.0,0.0,0.0,0.0,0.0
pose__20260316_113834_tp00042.mp4__track5__t396_465__00011210,20260316_113834_tp00042.mp4,5,27.71973239268121,32.54968576413324,75.0289151414333,78.01593295839376,True,True,True,0.5833333134651184,0.8002553582191467,0.25735294818878174,0.6102502346038818,0.0,1.4347344636917114,7.545394420623779,0.37212997674942017,0.3741307556629181,0.30819833278656006,0.0
pose__20260315_104219_tp00035.mp4__track1325__t14238_14307__00003998,20260315_104219_tp00035.mp4,1325,996.660588257551,1001.4905911083569,73.51242376145488,39.16096551666181,True,False,False,0.9166666865348816,0.7308188676834106,0.3946078419685364,1.4435642957687378,0.0,1.9841386079788208,7.290783405303955,0.0,0.0,0.28682079911231995,2.210822343826294
pose__20260315_130536_tp00036.mp4__track2792__t18036_18105__00007198,20260315_130536_tp00036.mp4,2792,1262.4937984676883,1267.3236982289584,72.60266080762756,16.954686200372795,True,False,False,1.0,0.7779658436775208,0.7132353186607361,0.7344282269477844,0.8719614148139954,0.7587805390357971,3.81388521194458,0.5353062748908997,0.16048656404018402,0.6938563585281372,0.21196390688419342
pose__20260315_130536_tp00036.mp4__track4004__t25110_25179__00007737,20260315_130536_tp00036.mp4,4004,1757.6635218187876,1762.4934215800577,72.28059281578732,64.8697526877658,True,True,True,1.0,0.7519394755363464,0.6397058963775635,4.8802289962768555,0.6532505750656128,4.799322128295898,23.51036834716797,0.42931368947029114,0.24440054595470428,0.8152918815612793,2.986043930053711
pose__20260316_113834_tp00042.mp4__track7335__t38232_38301__00013861,20260316_113834_tp00042.mp4,7335,2676.214163729768,2681.04411710122,72.27669661220078,44.444220884898044,True,False,False,1.0,0.7292923927307129,0.47549018263816833,1.131832480430603,0.0,0.9807577729225159,3.8974668979644775,0.0,0.0,0.8422086238861084,1.5110571384429932
pose__20260316_113834_tp00042.mp4__track1753__t9558_9627__00011749,20260316_113834_tp00042.mp4,1753,669.0535409324419,673.8834943038939,72.20111892652447,48.287744353486374,True,False,False,0.875,0.7441350221633911,0.40441176295280457,0.9788193106651306,0.0,1.2068676948547363,8.942336082458496,1.4645386934280396,0.07068410515785217,1.676149606704712,0.212393656373024
pose__20260315_130536_tp00036.mp4__track4004__t24966_25035__00007734,20260315_130536_tp00036.mp4,4004,1747.5837310126583,1752.4136307739286,72.02888329795097,71.8621341963447,True,True,True,1.0,0.7287178635597229,0.5833333134651184,4.376763820648193,0.0,4.5451436042785645,21.591623306274414,0.5044509768486023,0.2570358216762543,0.4433356821537018,0.28776830434799194
pose__20260316_113834_tp00042.mp4__track7335__t38178_38247__00013854,20260316_113834_tp00042.mp4,7335,2672.434200221675,2677.264153593127,71.9631160353848,68.02725487260687,True,True,False,1.0,0.7299623489379883,0.4436274468898773,1.043234944343567,0.0,0.8686974048614502,1.6633410453796387,0.0,0.0,0.4515227973461151,1.381574273109436
pose__20260315_130536_tp00036.mp4__track6961__t43218_43287__00008458,20260315_130536_tp00036.mp4,6961,3025.1972156895404,3030.0271154508105,71.87162748686087,49.90784031631997,True,False,False,1.0,0.7268909811973572,0.5759803652763367,0.6108535528182983,0.0,0.6376166939735413,3.5626370906829834,1.460171103477478,0.14731235802173615,0.4411616027355194,0.35692551732063293
pose__20260315_130536_tp00036.mp4__track1198__t7254_7323__00006191,20260315_130536_tp00036.mp4,1198,507.7694618587609,512.5993616200311,71.10137040230518,26.444761005706308,True,False,False,1.0,0.7558363676071167,0.468137264251709,1.1778830289840698,0.0,0.814258337020874,3.7068018913269043,2.025923490524292,0.014125928282737732,0.8915227055549622,0.4157355725765228
pose__20260315_104219_tp00035.mp4__track1379__t15264_15333__00004121,20260315_104219_tp00035.mp4,1379,1068.4806306477917,1073.3106334985976,69.89926270971873,54.791326979254166,True,False,False,1.0,0.8175612092018127,0.4362744987010956,0.8218722939491272,0.0,0.8679988980293274,2.0264341831207275,1.514146327972412,0.03755137324333191,0.12322565913200378,0.7517083287239075
pose__20260317_101644_tp00048.mp4__track1249__t41400_41469__00020407,20260317_101644_tp00048.mp4,1249,2897.987586297242,2902.817565607738,69.79047277700656,40.60905449929006,True,False,False,1.0,0.8567147254943848,0.43382352590560913,1.0538408756256104,0.0,0.9223272204399109,5.41594934463501,1.185487151145935,0.03663405776023865,0.9095287322998047,0.7233006954193115
pose__20260315_104219_tp00035.mp4__track1611__t20844_20913__00004876,20260315_104219_tp00035.mp4,1611,1459.0808611912062,1463.9108640420118,69.33052084819151,38.93534851360588,True,False,False,1.0,0.8504842519760132,0.8578431606292725,1.8636035919189453,2.0168542861938477,1.9509824514389038,8.882658958435059,0.7482941746711731,0.23485128581523895,0.7317270040512085,0.943914532661438
pose__20260316_113834_tp00042.mp4__track5__t36_105__00011174,20260316_113834_tp00042.mp4,5,2.5199756720619284,7.349929043513957,69.14225236479558,139.99540567741937,True,True,False,0.5,0.5485705733299255,0.21078431606292725,1.9042381048202515,0.0,0.8299997448921204,13.669951438903809,0.7234058976173401,0.2777232527732849,1.4772076606750488,0.0
pose__20260315_130536_tp00036.mp4__track6590__t39744_39813__00008263,20260315_130536_tp00036.mp4,6590,2782.0222624916723,2786.8521622529424,69.01241071415956,69.01241071415956,True,True,False,0.5833333134651184,0.7354596257209778,0.2647058963775635,0.7775318622589111,0.0,0.8248114585876465,2.656337022781372,0.0,0.0,0.8275138139724731,0.0
pose__20260315_104219_tp00035.mp4__track1287__t16884_16953__00004311,20260315_104219_tp00035.mp4,1287,1181.8806975797509,1186.7107004305565,68.99590707063284,38.86030432845946,True,False,False,1.0,0.7871542572975159,0.4901960790157318,0.35627755522727966,0.0,0.5807929039001465,2.1700661182403564,0.8830677270889282,0.41037267446517944,0.17325221002101898,0.32536816596984863
pose__20260315_130536_tp00036.mp4__track6590__t39726_39795__00008259,20260315_130536_tp00036.mp4,6590,2780.7622886409063,2785.5921884021764,67.83254689379218,67.83254689379218,True,True,False,0.625,0.7298083901405334,0.2867647111415863,0.7775318622589111,0.0,0.7509663701057434,1.744684100151062,0.0,0.0,0.8275138139724731,0.0
pose__20260315_130536_tp00036.mp4__track3553__t22842_22911__00007578,20260315_130536_tp00036.mp4,3553,1598.906816622252,1603.7367163835222,67.80407712358404,50.0117205503162,True,False,False,0.125,0.6951321363449097,0.0833333358168602,0.8790189027786255,0.0,0.8788002729415894,0.0,1.016424536705017,0.009294264018535614,0.10241180658340454,0.0
pose__20260315_104219_tp00035.mp4__track60__t504_573__00002967,20260315_104219_tp00035.mp4,60,35.280020823276146,40.11002367408181,67.41256805967194,39.58999940891522,True,False,False,0.5416666865348816,0.7724487781524658,0.37254902720451355,0.46495193243026733,1.9549530744552612,1.2381645441055298,1.717377781867981,0.3970479965209961,0.12072785943746567,0.2039654701948166,0.43288081884384155
pose__20260316_113834_tp00042.mp4__track7335__t38196_38265__00013857,20260316_113834_tp00042.mp4,7335,2673.694188057706,2678.524141429158,67.05372447040345,63.46955589496611,True,True,False,1.0,0.7364944815635681,0.4583333432674408,1.1950552463531494,0.0,1.090230107307434,3.806691884994507,0.0,0.0,0.7705516815185547,1.381574273109436
pose__20260316_113834_tp00042.mp4__track2076__t10530_10599__00011935,20260316_113834_tp00042.mp4,2076,737.092884078114,741.922837449566,66.96884067391204,68.63964171357685,True,True,True,1.0,0.7932056784629822,0.5049019455909729,1.3273462057113647,0.0,1.771934986114502,5.825286388397217,0.0,0.0,2.1330459117889404,1.6685068607330322
pose__20260315_104219_tp00035.mp4__track1325__t13986_14055__00003956,20260315_104219_tp00035.mp4,1325,979.020577845913,983.8505806967188,66.66986363169512,36.397174429928434,True,False,False,0.9583333134651184,0.816071093082428,0.34558823704719543,0.0,0.0,1.205349326133728,1.7150264978408813,0.0,0.0,0.0,0.0
pose__20260315_104219_tp00035.mp4__track2133__t26460_26529__00005174,20260315_104219_tp00035.mp4,2133,1852.2010932219976,1857.0310960728032,66.55586497483621,50.6616975962972,True,False,False,1.0,0.7223548293113708,0.718137264251709,1.2190457582473755,0.0,2.225177049636841,9.597820281982422,0.7224605083465576,1.1730902194976807,1.109632968902588,2.034977436065674
pose__20260316_113834_tp00042.mp4__track7335__t38214_38283__00013859,20260316_113834_tp00042.mp4,7335,2674.9541758937366,2679.7841292651888,66.33956077121641,55.57810356966363,True,False,False,1.0,0.7433652281761169,0.4632352888584137,1.1950552463531494,0.0,1.081795573234558,4.365130424499512,0.0,0.0,0.8543397188186646,1.381574273109436
pose__20260317_101644_tp00048.mp4__track1146__t39600_39669__00020385,20260317_101644_tp00048.mp4,1146,2771.988126023449,2776.8181053339445,65.73391858548486,55.897237622284656,True,False,False,1.0,0.7624832987785339,0.5588235259056091,1.1017935276031494,0.0,1.1050679683685303,4.546563625335693,1.0483289957046509,0.28910157084465027,1.0047602653503418,0.6591213345527649
pose__20260315_104219_tp00035.mp4__track2133__t26442_26511__00005171,20260315_104219_tp00035.mp4,2133,1850.9410924783087,1855.7710953291148,65.72011996724156,48.3916659183017,True,False,False,1.0,0.7298805117607117,0.7230392098426819,1.4582469463348389,0.0,1.8940428495407104,7.9951066970825195,0.6543000340461731,1.1730902194976807,1.109632968902588,2.0247464179992676
pose__20260317_101644_tp00048.mp4__track18__t3150_3219__00019236,20260317_101644_tp00048.mp4,18,220.499055479138,225.3290347896334,65.65718399849531,48.81280910320434,True,False,False,1.0,0.8638924956321716,0.406862735748291,1.3309788703918457,0.0,1.1852456331253052,1.432846188545227,0.0,0.0,0.7966199517250061,0.0
pose__20260315_130536_tp00036.mp4__track4393__t25866_25935__00007775,20260315_130536_tp00036.mp4,4393,1810.582423550966,1815.4123233122364,65.49142792358326,43.934597997812695,True,False,False,1.0,0.795355498790741,0.7426470518112183,0.5829979777336121,0.0,0.6118971705436707,13.690913200378418,0.349650114774704,0.2137567549943924,0.30359646677970886,1.7772101163864136
pose__20260315_130536_tp00036.mp4__track3553__t22824_22893__00007574,20260315_130536_tp00036.mp4,3553,1597.6468427714858,1602.476742532756,65.3303067400112,46.8358259531896,True,False,False,0.2083333283662796,0.6970953345298767,0.13725490868091583,0.8920181393623352,0.0,0.8919761180877686,0.0,1.0839720964431763,0.06731301546096802,0.047243982553482056,0.0
pose__20260315_130536_tp00036.mp4__track3553__t22806_22875__00007570,20260315_130536_tp00036.mp4,3553,1596.3868689207195,1601.2167686819898,65.3303067400112,38.88691948932181,True,False,False,0.2083333283662796,0.6970953345298767,0.13725490868091583,0.8920181393623352,0.0,0.8919761180877686,0.0,1.0839720964431763,0.06731301546096802,0.047243982553482056,0.0
pose__20260315_104219_tp00035.mp4__track2133__t26478_26547__00005177,20260315_104219_tp00035.mp4,2133,1853.461093965686,1858.291096816492,64.92178207841228,47.64217269877901,True,False,False,1.0,0.7283493280410767,0.7303921580314636,1.0453026294708252,0.0,2.0337469577789307,8.909625053405762,0.7285634279251099,1.1730902194976807,1.109632968902588,2.0247464179992676
pose__20260315_130536_tp00036.mp4__track2750__t16578_16647__00007051,20260315_130536_tp00036.mp4,2750,1160.4359165556295,1165.2658163169,64.92046192823186,64.92046192823186,True,True,False,1.0,0.7883908748626709,0.6936274766921997,1.1238963603973389,1.456491231918335,1.27763831615448,4.893080711364746,0.7655633091926575,0.4605075418949127,0.6785273551940918,0.39912357926368713
pose__20260316_113834_tp00042.mp4__track1753__t9522_9591__00011743,20260316_113834_tp00042.mp4,1753,666.53356526038,671.3635186318321,64.91631847382413,54.0359742580618,True,False,False,1.0,0.7284594774246216,0.5441176295280457,0.48745524883270264,0.0,0.5217006802558899,7.4186930656433105,2.5300910472869873,0.1530521959066391,1.5351078510284424,0.2087072730064392
pose__20260317_101644_tp00048.mp4__track18__t3132_3201__00019235,20260317_101644_tp00048.mp4,18,219.2390608764001,224.06904018689548,64.90140718859342,41.148337177412344,True,False,False,1.0,0.8588806390762329,0.38725489377975464,1.3309788703918457,0.0,1.2034622430801392,1.432846188545227,0.0,0.0,0.7966199517250061,0.0
pose__20260316_113834_tp00042.mp4__track5__t54_123__00011176,20260316_113834_tp00042.mp4,5,3.7799635080928926,8.609916879544922,64.86061710437728,199.53157807360122,True,True,False,0.2916666567325592,0.5560396909713745,0.12745098769664764,2.2794556617736816,0.0,1.6543117761611938,13.678108215332031,0.46531370282173157,0.128080815076828,1.7251027822494507,0.0
pose__20260315_104219_tp00035.mp4__track1325__t13968_14037__00003953,20260315_104219_tp00035.mp4,1325,977.7605771022246,982.5905799530302,64.70235416389825,48.179767806200836,True,False,False,0.875,0.7954913377761841,0.3284313678741455,0.0,0.0,1.205349326133728,1.7150264978408813,0.0,0.0,0.0,0.0
pose__20260315_130536_tp00036.mp4__track3293__t21492_21561__00007484,20260315_130536_tp00036.mp4,3293,1504.4087778147905,1509.2386775760604,64.24715281824203,26.623317921377836,True,False,False,1.0,0.8295255899429321,0.8406862616539001,0.7252525091171265,1.3880231380462646,1.2275861501693726,7.070609092712402,0.8533499240875244,0.19616225361824036,0.7057910561561584,1.0978786945343018
pose__20260317_101644_tp00048.mp4__track18__t3168_3237__00019237,20260317_101644_tp00048.mp4,18,221.75905008187596,226.58902939237132,64.21169442448026,49.32897755847478,True,False,False,1.0,0.8605592846870422,0.41911765933036804,1.3309788703918457,0.0,1.2034622430801392,1.4976493120193481,0.0,0.0,0.7966199517250061,0.0
pose__20260315_130536_tp00036.mp4__track3722__t23436_23505__00007642,20260315_130536_tp00036.mp4,3722,1640.485953697535,1645.3158534588051,64.10362314326389,54.84989304255426,True,False,False,0.8333333134651184,0.6032046675682068,0.36764705181121826,0.44570234417915344,0.0,0.6622594594955444,3.112401247024536,3.5603256225585938,0.18989397585391998,0.18575216829776764,0.0
pose__20260315_130536_tp00036.mp4__track6633__t40158_40227__00008321,20260315_130536_tp00036.mp4,6633,2811.001661059294,2815.831560820564,63.71666471152004,37.69409681622213,True,False,False,0.3333333432674408,0.5975781679153442,0.2696078419685364,0.9353649020195007,0.0,0.9170202016830444,1.1217131614685059,0.2868123948574066,0.6036646962165833,0.810366153717041,0.39595434069633484
pose__20260315_104219_tp00035.mp4__track1611__t20232_20301__00004786,20260315_104219_tp00035.mp4,1611,1416.2408359057997,1421.070838756605,63.58403742173201,44.83732633438368,True,False,False,1.0,0.8499162793159485,0.8529411554336548,1.458448052406311,1.7096534967422485,1.7006369829177856,6.9054412841796875,1.3036271333694458,0.06196613237261772,1.2341958284378052,0.4836074709892273
pose__20260316_113834_tp00042.mp4__track2076__t10476_10545__00011923,20260316_113834_tp00042.mp4,2076,733.3129205700211,738.1428739414731,63.265910568894554,65.69004360990031,True,True,False,1.0,0.7737295031547546,0.5367646813392639,0.6020907759666443,0.0,0.6775171160697937,3.4333837032318115,0.0,0.0,2.1546642780303955,0.6704889535903931
pose__20260315_130536_tp00036.mp4__track4393__t25884_25953__00007777,20260315_130536_tp00036.mp4,4393,1811.842397401732,1816.6722971630024,63.106777238735134,49.887988347040476,True,False,False,1.0,0.8080762028694153,0.7622548937797546,0.6311110258102417,0.0,0.6294796466827393,13.110613822937012,0.3711874485015869,0.2137567549943924,0.30359646677970886,1.787052869796753
pose__20260315_104219_tp00035.mp4__track1611__t20268_20337__00004792,20260315_104219_tp00035.mp4,1611,1418.7608373931764,1423.590840243982,63.01275881001771,40.00287695092723,True,False,False,1.0,0.8630656003952026,0.8235294222831726,1.785821557044983,1.7997734546661377,1.7413649559020996,7.752335071563721,1.3387457132339478,0.06607841700315475,1.2774289846420288,0.4828137755393982
pose__20260315_130536_tp00036.mp4__track6961__t43398_43467__00008471,20260315_130536_tp00036.mp4,6961,3037.796954197202,3042.626853958472,62.87636725104231,27.387382761869706,True,False,False,1.0,0.8401138186454773,0.781862735748291,1.2880412340164185,3.245666265487671,1.5402472019195557,5.391716480255127,0.6916210651397705,0.120992511510849,0.1710231602191925,0.5990675091743469
pose__20260316_113834_tp00042.mp4__track2076__t10512_10581__00011931,20260316_113834_tp00042.mp4,2076,735.832896242083,740.6628496135351,62.80456114365629,70.61824178239878,True,True,True,1.0,0.7877123951911926,0.5147058963775635,1.3383970260620117,0.0,1.774935007095337,5.856245517730713,0.0,0.0,2.1546642780303955,1.6685068607330322
pose__20260317_101644_tp00048.mp4__track18__t1422_1491__00019140,20260317_101644_tp00048.mp4,18,99.53957361629658,104.36955292679198,62.71040028430237,14.200331581848143,True,False,False,1.0,0.79511559009552,0.6495097875595093,0.8432363867759705,0.0,0.8002245426177979,2.1643290519714355,2.0337181091308594,0.16622833907604218,0.41531577706336975,0.5484017729759216
pose__20260315_104219_tp00035.mp4__track1325__t13950_14019__00003950,20260315_104219_tp00035.mp4,1325,976.500576358536,981.3305792093416,62.42244881732216,56.15414886291813,True,False,False,0.625,0.7590721845626831,0.2916666567325592,0.0,0.0,1.205349326133728,1.7150264978408813,0.0,0.0,0.0,0.0
pose__20260316_113834_tp00042.mp4__track2076__t10494_10563__00011927,20260316_113834_tp00042.mp4,2076,734.5729084060521,739.4028617775041,62.339556631928986,68.38369740519103,True,True,False,1.0,0.7798141837120056,0.529411792755127,1.4932329654693604,0.0,1.75221586227417,4.879565238952637,0.0,0.0,2.1546642780303955,1.6095887422561646
pose__20260317_101644_tp00048.mp4__track83__t1080_1149__00019118,20260317_101644_tp00048.mp4,83,75.59967616427589,80.4296554747713,62.153924203431316,33.753638673192015,True,False,False,1.0,0.7332725524902344,0.4215686321258545,3.0652143955230713,0.0,2.509810447692871,6.358990669250488,0.0,0.0,1.2718853950500488,3.2849369049072266
pose__20260315_130536_tp00036.mp4__track4532__t26514_26583__00007851,20260315_130536_tp00036.mp4,4532,1855.941482178548,1860.771381939818,61.86499058633498,41.83125627855848,True,False,False,1.0,0.7618016004562378,0.4779411852359772,1.4044033288955688,0.0,1.2186037302017212,3.720355272293091,0.0,0.0,0.13472765684127808,0.5601852536201477
pose__20260317_101644_tp00048.mp4__track18__t1926_1995__00019168,20260317_101644_tp00048.mp4,18,134.8194224929587,139.64940180345408,61.72298649304524,7.077651320512686,True,False,False,1.0,0.8216660618782043,0.4117647111415863,1.3522859811782837,0.0,1.2663031816482544,1.931817889213562,0.0,0.0,0.05085401237010956,0.9123326539993286
pose__20260315_130536_tp00036.mp4__track6633__t40140_40209__00008319,20260315_130536_tp00036.mp4,6633,2809.741687208528,2814.571586969798,61.44265589373717,44.907764878650305,True,False,False,0.5,0.5889601111412048,0.2867647111415863,0.9353649020195007,0.0,0.9170202016830444,1.1217131614685059,0.2868123948574066,0.6036646962165833,0.810366153717041,0.39595434069633484
pose__20260316_113834_tp00042.mp4__track354__t1908_1977__00011266,20260316_113834_tp00042.mp4,354,133.5587106192822,138.38866399073422,60.89378113464288,49.83573739905724,True,False,False,0.875,0.8322873115539551,0.6764705777168274,1.5649158954620361,2.4284260272979736,1.7526949644088745,7.0913496017456055,1.3306864500045776,0.19594550132751465,0.45731180906295776,0.7700851559638977
pose__20260317_101644_tp00048.mp4__track18__t3114_3183__00019234,20260317_101644_tp00048.mp4,18,217.9790662736621,222.8090455841576,60.73722954139038,25.80125601586999,True,False,False,1.0,0.866893470287323,0.375,1.458817720413208,0.0,1.3549158573150635,3.1902077198028564,0.0,0.0,0.7972555756568909,0.0
pose__20260315_130536_tp00036.mp4__track6961__t43200_43269__00008456,20260315_130536_tp00036.mp4,6961,3023.9372418387743,3028.7671416000444,60.684444191866675,44.08807511356651,True,False,False,1.0,0.6960729956626892,0.5784313678741455,0.8033369779586792,0.0,0.846179187297821,3.9433531761169434,1.480112910270691,0.15038171410560608,0.4411616027355194,0.6933675408363342
pose__20260315_104219_tp00035.mp4__track792__t10422_10491__00003584,20260315_104219_tp00035.mp4,792,729.5404305956031,734.3704334464088,60.30783495718175,35.49946366230871,True,False,False,1.0,0.8523377180099487,0.7622548937797546,4.281610012054443,1.9380574226379395,2.2918310165405273,17.47924041748047,3.345460891723633,0.35878118872642517,0.5082046985626221,0.34337329864501953
pose__20260315_104219_tp00035.mp4__track1611__t20250_20319__00004789,20260315_104219_tp00035.mp4,1611,1417.5008366494878,1422.3308395002937,60.29926789690833,45.19576281933584,True,False,False,1.0,0.8508859276771545,0.8480392098426819,1.9918954372406006,1.7096534967422485,1.7337836027145386,7.204362869262695,1.3463282585144043,0.063418909907341,1.2341958284378052,0.4836074709892273
pose__20260316_113834_tp00042.mp4__track3580__t19260_19329__00012711,20260316_113834_tp00042.mp4,3580,1348.1869845531317,1353.0169379245835,60.15492800270087,23.676063982096696,True,False,False,1.0,0.8032316565513611,0.75,0.8950782418251038,0.0,0.7168197631835938,2.168062686920166,0.4701014757156372,0.36148038506507874,0.3513229489326477,0.4259132444858551
pose__20260316_113834_tp00042.mp4__track1753__t9684_9753__00011773,20260316_113834_tp00042.mp4,1753,677.8734557846587,682.7034091561108,60.05371606852094,38.47790260761126,True,False,False,0.625,0.7312203049659729,0.30882352590560913,2.3061063289642334,0.0,1.6592903137207031,8.167405128479004,0.0,0.0,2.4304747581481934,1.5523500442504883
pose__20260315_130536_tp00036.mp4__track4393__t25902_25971__00007779,20260315_130536_tp00036.mp4,4393,1813.1023712524984,1817.9322710137685,59.91373868920532,50.5645608790797,True,False,False,1.0,0.8055295348167419,0.781862735748291,3.767896890640259,0.0,2.368682622909546,17.314496994018555,0.3711874485015869,0.17772279679775238,0.2559119462966919,2.59639835357666
pose__20260315_130536_tp00036.mp4__track3293__t21510_21579__00007485,20260315_130536_tp00036.mp4,3293,1505.6687516655563,1510.4986514268269,59.69355171239494,26.263367897001444,True,False,False,1.0,0.8364684581756592,0.875,0.7252525091171265,1.3114546537399292,1.2275861501693726,6.979674339294434,0.9668051600456238,0.19616225361824036,0.7057910561561584,1.0978786945343018
pose__20260315_130536_tp00036.mp4__track6633__t40176_40245__00008323,20260315_130536_tp00036.mp4,6633,2812.26163491006,2817.0915346713305,59.59609899638531,23.249422739024993,True,False,False,0.25,0.6028961539268494,0.24264705181121826,0.03139977902173996,0.0,0.2744778096675873,1.090083360671997,0.07801708579063416,0.5235277414321899,0.062329769134521484,0.0
pose__20260315_130536_tp00036.mp4__track4004__t24984_25053__00007735,20260315_130536_tp00036.mp4,4004,1748.8437048634244,1753.6736046246947,59.454807796117194,68.34939547596561,True,True,True,1.0,0.7353425621986389,0.5808823704719543,3.885312080383301,0.0,3.5908963680267334,16.62751579284668,0.4895627796649933,0.19560302793979645,0.4360899031162262,0.3904782831668854
pose__20260315_130536_tp00036.mp4__track6961__t43236_43305__00008460,20260315_130536_tp00036.mp4,6961,3026.4571895403064,3031.2870893015765,59.38230481404842,50.35308377770368,True,False,False,1.0,0.7449366450309753,0.6151960492134094,1.275243878364563,0.0,0.9909517168998718,4.31175422668457,1.1777112483978271,0.1657300740480423,0.929378867149353,0.6690313816070557
pose__20260317_101644_tp00048.mp4__track371__t13986_14055__00019589,20260317_101644_tp00048.mp4,371,979.0158063273728,983.8457856378682,58.867680139336024,42.43229189860277,True,False,False,0.9166666865348816,0.8800835609436035,0.8235294222831726,1.1378706693649292,3.244014263153076,2.2789652347564697,9.947659492492676,0.9005772471427917,0.1262681633234024,0.5412411689758301,0.5287073850631714
pose__20260315_104219_tp00035.mp4__track1611__t20790_20859__00004870,20260315_104219_tp00035.mp4,1611,1455.3008589601409,1460.1308618109465,58.68553022905296,35.95690182667587,True,False,False,1.0,0.8352025151252747,0.8186274766921997,1.6728081703186035,1.642745852470398,2.2749173641204834,9.6780424118042,1.3578534126281738,0.20937897264957428,1.0258290767669678,0.6620931625366211
pose__20260315_130536_tp00036.mp4__track6633__t40122_40191__00008316,20260315_130536_tp00036.mp4,6633,2808.4817133577617,2813.311613119032,58.49271447681239,41.06263969367142,True,False,False,0.7083333134651184,0.6093650460243225,0.3063725531101227,0.9353649020195007,0.0,0.9170202016830444,1.1217131614685059,0.2868123948574066,0.6036646962165833,0.810366153717041,0.39595434069633484
pose__20260315_130536_tp00036.mp4__track6968__t43038_43107__00008449,20260315_130536_tp00036.mp4,6968,3012.5974771818787,3017.427376943149,58.433714212633255,32.075193475099525,True,False,False,1.0,0.7503179311752319,0.49754902720451355,0.3291039764881134,0.0,1.2097959518432617,2.999070644378662,0.4112326502799988,0.23687899112701416,1.2766525745391846,0.9362941384315491
pose__20260317_101644_tp00048.mp4__track1146__t39654_39723__00020388,20260317_101644_tp00048.mp4,1146,2775.768109831663,2780.598089142158,58.39531689702947,43.580365493025084,True,False,False,1.0,0.7884014248847961,0.6495097875595093,1.089407205581665,0.8585490584373474,0.8549529314041138,2.88142728805542,0.4147551953792572,0.22319047152996063,0.652680516242981,0.3851355314254761
pose__20260317_101644_tp00048.mp4__track1511__t44532_44601__00020560,20260317_101644_tp00048.mp4,1511,3117.2266471736425,3122.0566264841377,58.12245588594505,51.22448213117087,True,False,False,1.0,0.5320318937301636,0.686274528503418,0.8542761206626892,0.7568351030349731,1.2227847576141357,5.127542018890381,0.7932456731796265,0.12723179161548615,0.5546659827232361,0.3901856541633606
pose__20260316_113834_tp00042.mp4__track1749__t11646_11715__00012110,20260316_113834_tp00042.mp4,1749,815.2121299120338,820.0420832834858,57.60741874773895,24.130966422030827,True,False,False,1.0,0.8322367072105408,0.8504902124404907,0.59471595287323,0.26678404211997986,0.4249503016471863,1.440236210823059,0.5423840880393982,0.13758935034275055,0.16947735846042633,0.2861420214176178
pose__20260315_104219_tp00035.mp4__track792__t10404_10473__00003582,20260315_104219_tp00035.mp4,792,728.2804298519147,733.1104327027203,57.59110192114282,35.55054481713049,True,False,False,1.0,0.8670341372489929,0.779411792755127,3.919809341430664,1.9380574226379395,2.216620445251465,17.46278190612793,3.345460891723633,0.3578713834285736,0.5082046985626221,0.34337329864501953
pose__20260315_104219_tp00035.mp4__track1611__t21024_21093__00004904,20260315_104219_tp00035.mp4,1611,1471.6808686280906,1476.5108714788962,57.29662625057655,52.74778728639357,True,False,False,1.0,0.8160755038261414,0.813725471496582,3.793773651123047,0.0,3.6308236122131348,17.96103858947754,0.7513183951377869,0.15979453921318054,1.2843350172042847,3.370344877243042
pose__20260316_113834_tp00042.mp4__track1753__t9666_9735__00011770,20260316_113834_tp00042.mp4,1753,676.6134679486278,681.4434213200798,57.17140799576584,42.60127130516989,True,False,False,0.7083333134651184,0.7238147854804993,0.34068626165390015,2.2522051334381104,0.0,1.5508108139038086,7.358885288238525,0.0,0.0,2.306766986846924,1.5210280418395996
pose__20260329_163101_tp00076.mp4__track3530__t50544_50613__00041137,20260329_163101_tp00076.mp4,3530,3541.3120132748904,3546.1464254487582,57.01302225838371,42.71055506304511,True,False,False,0.9583333134651184,0.8744213581085205,0.7549019455909729,1.7945562601089478,1.6793676614761353,1.4050136804580688,5.5662055015563965,0.876160204410553,0.06779307126998901,1.4975981712341309,0.456173837184906
pose__20260315_130536_tp00036.mp4__track6620__t40050_40119__00008302,20260315_130536_tp00036.mp4,6620,2803.441817954697,2808.271717715967,56.90299182067618,71.91815190516387,True,True,True,1.0,0.7562656402587891,0.343137264251709,0.8026163578033447,0.0,1.0510499477386475,2.952948808670044,0.0,0.0,0.986531138420105,0.0
pose__20260316_113834_tp00042.mp4__track1753__t9648_9717__00011766,20260316_113834_tp00042.mp4,1753,675.3534801125968,680.1834334840488,56.74849525527056,39.42169387079022,True,False,False,0.9583333134651184,0.7340627908706665,0.41911765933036804,2.2522051334381104,0.0,1.5508108139038086,7.358885288238525,0.0,0.0,2.306766986846924,1.5210280418395996
pose__20260315_130536_tp00036.mp4__track2792__t18954_19023__00007295,20260315_130536_tp00036.mp4,2792,1326.752464856762,1331.5823646180324,56.61997748942188,18.85496215971221,True,False,False,1.0,0.8076146841049194,0.7843137383460999,0.9445558190345764,0.45933911204338074,0.686752438545227,2.2312419414520264,0.6332841515541077,0.11218523234128952,0.8296241164207458,0.596809446811676
pose__20260317_101644_tp00048.mp4__track516__t20196_20265__00020070,20260317_101644_tp00048.mp4,516,1413.713944271959,1418.5439235824545,56.60697690598879,21.63695867667747,True,False,False,1.0,0.8841941952705383,0.5980392098426819,0.17288613319396973,0.0,0.2334924191236496,0.6537156701087952,1.6446945667266846,0.1771683245897293,0.06542850285768509,0.2155965268611908
pose__20260316_113834_tp00042.mp4__track2327__t11448_11517__00012088,20260316_113834_tp00042.mp4,2327,801.3522637156932,806.1822170871452,56.50776084451941,44.95694302306868,True,False,False,0.875,0.8077571988105774,0.4313725531101227,0.9194981455802917,0.0,1.2303898334503174,3.1772820949554443,0.0,0.0,0.11102447658777237,0.0
pose__20260315_130536_tp00036.mp4__track4393__t25758_25827__00007763,20260315_130536_tp00036.mp4,4393,1803.0225804463687,1807.8524802076397,56.48870881118822,54.986473083399694,True,False,False,1.0,0.7885681390762329,0.6764705777168274,1.619651436805725,0.5210336446762085,1.8322677612304688,9.118773460388184,0.7983101606369019,0.18576747179031372,0.8335440158843994,0.7005751132965088
pose__20260315_130536_tp00036.mp4__track6476__t40266_40335__00008342,20260315_130536_tp00036.mp4,6476,2818.5615041638907,2823.391403925161,56.37476705996865,40.65928901143135,False,False,False,1.0,0.7306227087974548,0.6029411554336548,2.3024163246154785,0.0,1.6819026470184326,6.188032150268555,1.3347841501235962,0.5165091753005981,1.0496305227279663,0.9036792516708374
pose__20260316_113834_tp00042.mp4__track2386__t12258_12327__00012177,20260316_113834_tp00042.mp4,2386,858.0517163370865,862.8816697085387,56.36962446273332,39.04968220441221,False,False,False,0.375,0.7086102962493896,0.2647058963775635,0.0,0.0,0.8133154511451721,0.0,0.0,0.0,0.0,0.0
pose__20260315_130536_tp00036.mp4__track6476__t40248_40317__00008338,20260315_130536_tp00036.mp4,6476,2817.3015303131247,2822.1314300743948,56.31437937849243,45.09026125389549,False,False,False,1.0,0.7405568957328796,0.6176470518112183,2.2813055515289307,0.0,1.6580709218978882,5.887145042419434,1.349683165550232,0.5165091753005981,1.0496305227279663,0.9036792516708374
pose__20260315_104219_tp00035.mp4__track2183__t26892_26961__00005224,20260315_104219_tp00035.mp4,2183,1882.44111107052,1887.2711139213257,56.294321048766236,42.24462077307494,False,False,False,0.9583333134651184,0.7403687834739685,0.6446078419685364,2.080402135848999,0.0,2.049806833267212,3.8804643154144287,0.6954794526100159,0.43841591477394104,1.279360294342041,2.0117475986480713
pose__20260315_104219_tp00035.mp4__track1611__t20214_20283__00004783,20260315_104219_tp00035.mp4,1611,1414.9808351621111,1419.8108380129167,56.24676311618737,39.12913914373569,False,False,False,1.0,0.8447461724281311,0.8578431606292725,1.336850881576538,1.3000805377960205,1.158756971359253,4.944563865661621,1.3192096948623657,0.05755526199936867,1.214728593826294,0.45262572169303894
pose__20260315_104219_tp00035.mp4__track1611__t21006_21075__00004901,20260315_104219_tp00035.mp4,1611,1470.4208678844022,1475.250870735208,56.16837153331306,50.03905314410074,False,False,False,1.0,0.8074096441268921,0.7843137383460999,3.5141897201538086,0.0,3.5141897201538086,17.37997817993164,0.8966414928436279,0.15979453921318054,1.1146892309188843,3.370344877243042
pose__20260315_104219_tp00035.mp4__track2133__t26604_26673__00005198,20260315_104219_tp00035.mp4,2133,1862.281099171505,1867.111102022311,56.074184544277344,41.844322709903324,False,False,False,1.0,0.7486991286277771,0.7352941036224365,2.541591167449951,0.0,2.9273648262023926,12.538922309875488,0.29814383387565613,0.7877119779586792,0.8380286693572998,2.93324613571167
pose__20260317_101644_tp00048.mp4__track516__t20214_20283__00020071,20260317_101644_tp00048.mp4,516,1414.973938874697,1419.8039181851923,56.00513179761893,28.353764633938386,False,False,False,1.0,0.879319965839386,0.6029411554336548,0.22369393706321716,0.0,0.27426889538764954,0.9073372483253479,1.6446945667266846,0.1771683245897293,0.08991420269012451,0.2516235113143921
pose__20260317_101644_tp00048.mp4__track1665__t48312_48381__00020731,20260317_101644_tp00048.mp4,1665,3381.825513748608,3386.6554930591037,55.813051995204475,33.83180730377349,False,False,False,1.0,0.812796950340271,0.9607843160629272,0.9453219175338745,1.2017011642456055,1.2181497812271118,11.823315620422363,0.6433627009391785,0.06322131305932999,0.19592152535915375,0.8520067930221558
pose__20260317_101644_tp00048.mp4__track516__t17514_17583__00019819,20260317_101644_tp00048.mp4,516,1225.9747484640072,1230.804727774503,55.794396886344366,18.27394666380921,False,False,False,1.0,0.8383191227912903,0.41421568393707275,1.0217761993408203,0.0,0.7147210240364075,1.3321527242660522,0.0,0.0,0.5078542232513428,0.179113507270813
pose__20260315_104219_tp00035.mp4__track1601__t21636_21705__00004953,20260315_104219_tp00035.mp4,1601,1514.5208939134973,1519.350896764303,55.32039111839518,15.468162040540582,False,False,False,0.9583333134651184,0.8947402834892273,0.3578431308269501,0.9100445508956909,0.0,0.9036585092544556,0.0,0.0,0.0,0.26046276092529297,0.0
pose__20260315_104219_tp00035.mp4__track1504__t18414_18483__00004524,20260315_104219_tp00035.mp4,1504,1288.9807607932676,1293.8107636440734,55.2673320883374,48.45316895070663,False,False,False,0.3333333432674408,0.4941647946834564,0.1764705926179886,0.1783440113067627,0.20145119726657867,0.25642579793930054,0.2819776237010956,0.19160152971744537,0.0499134324491024,0.3887450695037842,0.06345335394144058
pose__20260315_130536_tp00036.mp4__track4004__t25092_25161__00007736,20260315_130536_tp00036.mp4,4004,1756.4035479680213,1761.2334477292916,55.17924698876844,66.21005228595358,False,True,True,1.0,0.7542015910148621,0.6372548937797546,1.0121216773986816,0.6532505750656128,3.8056185245513916,16.953035354614258,0.4322339594364166,0.2620924115180969,0.8389552235603333,2.964667320251465
pose__20260315_104219_tp00035.mp4__track1611__t20988_21057__00004898,20260315_104219_tp00035.mp4,1611,1469.1608671407137,1473.9908699915193,55.16148308441087,45.07553355832291,False,False,False,1.0,0.8038517236709595,0.7916666865348816,3.1301841735839844,0.0,2.0051259994506836,7.372615337371826,0.9071361422538757,0.1772908866405487,1.1346302032470703,2.7974205017089844
pose__20260316_113834_tp00042.mp4__track6705__t33660_33729__00013378,20260316_113834_tp00042.mp4,6705,2356.177253377903,2361.0072067493547,55.13699941529547,26.68939604889294,False,False,False,1.0,0.7933734655380249,0.38725489377975464,0.0389484167098999,0.0,0.7704848051071167,3.1226961612701416,0.0,0.0,0.0037282705307006836,0.1999916136264801
pose__20260316_113834_tp00042.mp4__track1749__t11430_11499__00012084,20260316_113834_tp00042.mp4,1749,800.0922758796622,804.9222292511142,55.066690226647424,3.121848812959215,False,False,False,0.9583333134651184,0.8162416815757751,0.3700980246067047,1.7528622150421143,0.0,1.7325077056884766,8.990585327148438,1.6926143169403076,0.29917722940444946,0.766072154045105,0.598476767539978
pose__20260316_113834_tp00042.mp4__track2175__t10782_10851__00011990,20260316_113834_tp00042.mp4,2175,754.7327137825475,759.5626671539995,55.065894338115285,49.550378448709196,False,False,False,1.0,0.8061541318893433,0.48774510622024536,1.5036424398422241,0.0,0.6475390791893005,1.7038358449935913,0.0,0.0,0.36559978127479553,1.9335176944732666
pose__20260315_130536_tp00036.mp4__track6633__t40266_40335__00008340,20260315_130536_tp00036.mp4,6633,2818.5615041638907,2823.391403925161,55.000897119055296,32.58117951112907,False,False,False,0.2083333283662796,0.6262693405151367,0.23774509131908417,0.6763286590576172,0.0,0.6763286590576172,0.0,0.0,0.0,0.3312748670578003,0.0
pose__20260315_104219_tp00035.mp4__track1287__t16740_16809__00004289,20260315_104219_tp00035.mp4,1287,1171.8006916302434,1176.630694481049,54.69483909031058,23.734014768132663,False,False,False,0.9583333134651184,0.794261634349823,0.4387255012989044,0.7738096117973328,0.0,0.9955003261566162,2.236057996749878,1.207781434059143,0.11377982795238495,1.075453281402588,0.4195379912853241
pose__20260315_130536_tp00036.mp4__track6476__t40284_40353__00008346,20260315_130536_tp00036.mp4,6476,2819.821478014657,2824.651377775928,54.55319702036529,31.823081452203663,False,False,False,1.0,0.7673214077949524,0.6617646813392639,2.3024163246154785,0.0,1.8068512678146362,7.965734958648682,1.2120592594146729,0.5060714483261108,1.0496305227279663,0.9036792516708374
pose__20260329_163101_tp00076.mp4__track103__t13932_14001__00040252,20260329_163101_tp00076.mp4,103,976.1308754539764,980.965287627844,54.5263468992921,50.15194671514373,False,False,False,1.0,0.8592745065689087,0.9117646813392639,3.7775065898895264,2.2171945571899414,2.387070417404175,13.926717758178711,1.4565786123275757,0.12015724927186966,1.7777786254882812,1.1108622550964355
pose__20260315_130536_tp00036.mp4__track6620__t40014_40083__00008297,20260315_130536_tp00036.mp4,6620,2800.921870253165,2805.751770014435,54.520346830759536,74.41641399358048,False,True,False,1.0,0.7109529376029968,0.39950981736183167,1.1391819715499878,0.0,1.1116366386413574,3.718433380126953,0.17353495955467224,0.38918617367744446,0.979690670967102,0.6785894632339478
pose__20260315_104219_tp00035.mp4__track1611__t21042_21111__00004907,20260315_104219_tp00035.mp4,1611,1472.940869371779,1477.7708722225846,54.20473898166792,53.63344699692585,False,False,False,1.0,0.8065891861915588,0.8014705777168274,3.970722198486328,0.0,3.9310085773468018,18.63237762451172,0.9145365357398987,0.15170283615589142,1.2991458177566528,3.314220428466797
pose__20260315_130536_tp00036.mp4__track6476__t40230_40299__00008334,20260315_130536_tp00036.mp4,6476,2816.0415564623586,2820.8714562236287,54.06945886965627,44.90865534635174,False,False,False,1.0,0.7368687391281128,0.6200980544090271,2.1746299266815186,0.0,1.6461549997329712,5.576958179473877,1.2293720245361328,0.3699133098125458,1.0485626459121704,0.8448056578636169
pose__20260316_113834_tp00042.mp4__track1749__t11682_11751__00012112,20260316_113834_tp00042.mp4,1749,817.7321055840957,822.5620589555477,54.046620996150835,41.139119031117595,False,False,False,1.0,0.8104692697525024,0.7622548937797546,0.8786630630493164,0.26678404211997986,0.8944519758224487,4.971323490142822,0.9378617405891418,0.2192220836877823,0.39690324664115906,0.714742124080658
pose__20260315_104219_tp00035.mp4__track2183__t26874_26943__00005222,20260315_104219_tp00035.mp4,2183,1881.1811103268317,1886.011113177637,54.02739291987896,33.12044907734054,False,False,False,1.0,0.7684455513954163,0.7328431606292725,1.7224327325820923,0.0,1.3203331232070923,3.8915185928344727,0.6773098707199097,0.29057925939559937,1.068547248840332,1.8814202547073364
pose__20260315_130536_tp00036.mp4__track4004__t25146_25215__00007739,20260315_130536_tp00036.mp4,4004,1760.1834695203197,1765.01336928159,53.963442202672375,60.84307055513375,False,True,True,1.0,0.75715571641922,0.5710784196853638,4.511475563049316,0.0,3.648763418197632,15.881826400756836,0.4937126934528351,0.2050788402557373,0.5677842497825623,0.40883636474609375
pose__20260315_130536_tp00036.mp4__track2270__t13410_13479__00006755,20260315_130536_tp00036.mp4,2270,938.680518820786,943.5104185820564,53.918418254902925,49.9487709391857,False,False,False,1.0,0.8323850035667419,0.8529411554336548,0.8813289999961853,0.42186206579208374,0.6678014993667603,3.2016663551330566,0.9443429112434387,0.14164327085018158,0.6446597576141357,0.23767179250717163
pose__20260315_104219_tp00035.mp4__track2133__t26622_26691__00005201,20260315_104219_tp00035.mp4,2133,1863.5410999151932,1868.371102765999,53.80380385047154,44.109985182042465,False,False,False,1.0,0.7561790347099304,0.7524510025978088,2.5295047760009766,0.0,2.7901248931884766,12.135639190673828,0.43961992859840393,0.7761831879615784,0.8380286693572998,2.822279691696167
pose__20260331_083223_tp00084.mp4__track665__t45288_45357__00050920,20260331_083223_tp00084.mp4,665,3170.090674059358,3174.9205684355748,53.3589775941192,23.889203545640992,False,False,False,0.9166666865348816,0.8303366899490356,0.3553921580314636,0.2692687511444092,0.0,1.1055610179901123,5.155531406402588,0.4499604403972626,0.06744839251041412,0.07170930504798889,0.5260912775993347
pose__20260316_113834_tp00042.mp4__track2396__t12294_12363__00012183,20260316_113834_tp00042.mp4,2396,860.5716920091485,865.4016453806005,53.342472987459274,39.05449857362078,False,False,False,0.25,0.4811037480831146,0.09313725680112839,0.8791539072990417,0.0,0.832017719745636,3.038132667541504,0.6041993498802185,0.11350280046463013,0.3171135485172272,0.06811074912548065
pose__20260317_101644_tp00048.mp4__track1511__t44514_44583__00020558,20260317_101644_tp00048.mp4,1511,3115.9666525709044,3120.7966318814,53.330461677452924,46.47795546770071,False,False,False,1.0,0.561694324016571,0.654411792755127,0.8836387991905212,0.7568351030349731,1.3513840436935425,5.834746360778809,0.791965663433075,0.09790056198835373,0.561248242855072,0.3901856541633606
pose__20260317_101644_tp00048.mp4__track1501__t44154_44223__00020522,20260317_101644_tp00048.mp4,1501,3090.766760516146,3095.596739826641,53.30942575932073,44.464640408096045,False,False,False,1.0,0.5801773071289062,0.7426470518112183,1.4173438549041748,0.3952998220920563,0.601542055606842,1.9784162044525146,0.9945605993270874,0.04506595432758331,1.4614428281784058,0.4149695634841919
pose__20260316_113834_tp00042.mp4__track4038__t21996_22065__00012819,20260316_113834_tp00042.mp4,4038,1539.7051356298382,1544.5350890012903,52.939053936697206,20.16327562907723,False,False,False,0.7083333134651184,0.681097149848938,0.30392158031463623,0.7509702444076538,0.0,0.8984180092811584,0.0,0.0,0.0,0.407097190618515,0.0
pose__20260315_130536_tp00036.mp4__track6968__t43020_43089__00008448,20260315_130536_tp00036.mp4,6968,3011.3375033311127,3016.1674030923828,52.93139916605618,36.97631532495495,False,False,False,0.9166666865348816,0.730803370475769,0.4852941036224365,0.833480715751648,0.0,1.2235898971557617,5.11159086227417,2.0721652507781982,0.24838551878929138,1.5245383977890015,0.6540051698684692
pose__20260316_113834_tp00042.mp4__track2386__t12276_12345__00012181,20260316_113834_tp00042.mp4,2386,859.3117041731175,864.1416575445696,52.83550379477689,40.073009992292135,False,False,False,0.2916666567325592,0.7027192115783691,0.2598039209842682,0.0,0.0,0.7247154116630554,0.0,0.0,0.0,0.0,0.0
pose__20260315_130536_tp00036.mp4__track6620__t40248_40317__00008339,20260315_130536_tp00036.mp4,6620,2817.3015303131247,2822.1314300743948,52.791825143415906,20.49124794537566,False,False,False,1.0,0.7681139707565308,0.38725489377975464,2.127686023712158,0.0,1.591789722442627,11.878132820129395,0.16252486407756805,0.2902868986129761,0.9669642448425293,0.8389860391616821
pose__20260315_104219_tp00035.mp4__track1084__t12186_12255__00003842,20260315_104219_tp00035.mp4,1084,853.0205034770696,857.8505063278752,52.72767101533171,40.43428888876874,False,False,False,1.0,0.8222984671592712,0.5465686321258545,1.006395697593689,2.3987929821014404,1.292168378829956,3.486593246459961,1.2107011079788208,0.21419312059879303,0.2625297009944916,0.8748871684074402
pose__20260315_130536_tp00036.mp4__track6633__t40248_40317__00008336,20260315_130536_tp00036.mp4,6633,2817.3015303131247,2822.1314300743948,52.623998164765595,18.50756340107494,False,False,False,0.25,0.6383363604545593,0.23529411852359772,0.6763286590576172,0.0,0.6763286590576172,0.0,0.0,0.0,0.3312748670578003,0.0
pose__20260315_104219_tp00035.mp4__track1611__t21060_21129__00004910,20260315_104219_tp00035.mp4,1611,1474.2008701154675,1479.0308729662731,52.549006660655934,53.5405382218895,False,False,False,1.0,0.8069748282432556,0.8039215803146362,4.166850566864014,0.0,4.127397060394287,19.891830444335938,0.9036155939102173,0.1501280814409256,1.2649825811386108,2.443495512008667
pose__20260315_130536_tp00036.mp4__track6633__t40284_40353__00008344,20260315_130536_tp00036.mp4,6633,2819.821478014657,2824.651377775928,52.3306827487182,43.188191325123725,False,False,False,0.2083333283662796,0.6565833687782288,0.23529411852359772,0.6763286590576172,0.0,0.6763286590576172,0.0,0.0,0.0,0.3312748670578003,0.0
pose__20260315_130536_tp00036.mp4__track4393__t25848_25917__00007773,20260315_130536_tp00036.mp4,4393,1809.3224497002,1814.15234946147,52.29590132915557,35.2526916733213,False,False,False,1.0,0.7758177518844604,0.718137264251709,0.6338106393814087,0.0,0.6958293914794922,8.42692756652832,0.3500238358974457,0.20708400011062622,0.30885782837867737,1.6264970302581787
pose__20260315_104219_tp00035.mp4__track1611__t20826_20895__00004874,20260315_104219_tp00035.mp4,1611,1457.8208604475178,1462.6508632983234,52.1857844695288,43.042467356763844,False,False,False,1.0,0.8511368632316589,0.845588207244873,1.9924380779266357,2.0177111625671387,2.2782185077667236,9.73949146270752,1.0425070524215698,0.23483121395111084,1.020904302597046,0.943914532661438
pose__20260315_104219_tp00035.mp4__track1611__t20808_20877__00004872,20260315_104219_tp00035.mp4,1611,1456.5608597038297,1461.390862554635,52.11149884585667,41.96596502120404,False,False,False,1.0,0.842068612575531,0.813725471496582,2.0509121417999268,1.8288276195526123,2.2567994594573975,9.62700366973877,1.3612719774246216,0.23483121395111084,1.0208810567855835,1.0378252267837524
pose__20260315_130536_tp00036.mp4__track2420__t14292_14361__00006854,20260315_130536_tp00036.mp4,2420,1000.4192375083278,1005.249137269598,51.769510059229944,51.09075225580826,False,False,False,1.0,0.8408879041671753,0.7990196347236633,0.43856555223464966,0.30907365679740906,0.37999340891838074,1.567807674407959,0.8549062013626099,0.07560233026742935,0.271060585975647,0.17411157488822937
pose__20260315_130536_tp00036.mp4__track1308__t8640_8709__00006255,20260315_130536_tp00036.mp4,1308,604.7874483677548,609.6173481290251,51.57569814011819,21.862573527936455,False,False,False,1.0,0.8577311635017395,0.4166666567325592,1.431491732597351,0.0,1.3469423055648804,2.616584062576294,0.1799614280462265,0.04972502589225769,0.49447211623191833,0.7845861911773682
pose__20260315_130536_tp00036.mp4__track2270__t13392_13461__00006752,20260315_130536_tp00036.mp4,2270,937.42054497002,942.2504447312904,51.56459311523406,46.22946667748341,False,False,False,1.0,0.8108314871788025,0.7867646813392639,0.8231406211853027,0.545569121837616,0.8521469235420227,4.41495943069458,0.9471864700317383,0.14529958367347717,0.63355952501297,0.5292961597442627
pose__20260316_113834_tp00042.mp4__track2424__t12510_12579__00012216,20260316_113834_tp00042.mp4,2424,875.69154604152,880.521499412972,51.498086525133964,39.7238708373411,False,False,False,0.7083333134651184,0.5983914732933044,0.3014705777168274,1.1800806522369385,0.0,0.6100596189498901,4.854689121246338,0.5690529346466064,0.2874910533428192,0.9567228555679321,0.0008342418586835265
pose__20260317_101644_tp00048.mp4__track1511__t44352_44421__00020540,20260317_101644_tp00048.mp4,1511,3104.6267011462637,3109.4566804567585,51.463668743786826,48.343538601919505,False,False,False,1.0,0.5257808566093445,0.6421568393707275,0.24700167775154114,0.48879122734069824,0.5669028759002686,2.095655918121338,1.4124478101730347,0.09732402861118317,0.39893072843551636,0.2342715859413147
pose__20260317_101644_tp00048.mp4__track18__t5310_5379__00019356,20260317_101644_tp00048.mp4,18,371.69840780768976,376.5283871181852,51.42869506701233,33.39975638273381,False,False,False,1.0,0.8107964396476746,0.656862735748291,0.9171633720397949,0.0,0.6340391635894775,2.6447181701660156,1.4364162683486938,0.024255886673927307,0.6385847926139832,0.2446168065071106
pose__20260315_104219_tp00035.mp4__track2133__t26640_26709__00005203,20260315_104219_tp00035.mp4,2133,1864.801100658882,1869.631103509688,51.417307069621955,42.35209533336599,False,False,False,1.0,0.7771307826042175,0.7720588445663452,2.395618438720703,0.0,2.60436749458313,11.635473251342773,0.8084540963172913,0.5560553669929504,0.8380286693572998,2.822279691696167
pose__20260331_083223_tp00084.mp4__track322__t7218_7287__00050866,20260331_083223_tp00084.mp4,322,505.2489508337848,510.0788452100014,51.370243466260106,45.73596728571252,False,False,False,1.0,0.8762465715408325,0.8848039507865906,3.7835850715637207,2.38443660736084,3.582897901535034,15.467391014099121,1.0929014682769775,0.16801422834396362,0.6495790481567383,1.2411483526229858
pose__20260316_113834_tp00042.mp4__track3147__t15804_15873__00012499,20260316_113834_tp00042.mp4,3147,1106.2693200351864,1111.0992734066383,51.2581947656215,29.53226916944614,False,False,False,0.0833333358168602,0.7580663561820984,0.05882352963089943,0.0,0.9780291318893433,0.935933530330658,0.0,0.31881624460220337,0.024361833930015564,0.0,0.6401339769363403
pose__20260316_113834_tp00042.mp4__track3147__t15822_15891__00012500,20260316_113834_tp00042.mp4,3147,1107.5293078712175,1112.3592612426696,51.2581947656215,12.437340815726884,False,False,False,0.0833333358168602,0.7580663561820984,0.05882352963089943,0.0,0.9780291318893433,0.935933530330658,0.0,0.31881624460220337,0.024361833930015564,0.0,0.6401339769363403
pose__20260316_113834_tp00042.mp4__track3147__t15786_15855__00012498,20260316_113834_tp00042.mp4,3147,1105.0093321991556,1109.8392855706077,51.2581947656215,41.281430148657186,False,False,False,0.0833333358168602,0.7580663561820984,0.05882352963089943,0.0,0.9780291318893433,0.935933530330658,0.0,0.31881624460220337,0.024361833930015564,0.0,0.6401339769363403
pose__20260315_104219_tp00035.mp4__track702__t6228_6297__00003180,20260315_104219_tp00035.mp4,702,435.96025731619807,440.7902601670037,51.117838214972934,34.82440357923439,False,False,False,1.0,0.8630706667900085,0.843137264251709,1.2598174810409546,1.759586215019226,1.538824439048767,6.408666133880615,1.438736915588379,0.12317822128534317,1.14480459690094,0.4380972385406494
pose__20260315_130536_tp00036.mp4__track2270__t13374_13443__00006749,20260315_130536_tp00036.mp4,2270,936.160571119254,940.990470880524,51.08256589591248,41.50324416084874,False,False,False,1.0,0.7833988070487976,0.7156862616539001,0.8583382964134216,0.8983390927314758,1.0681031942367554,4.887428283691406,1.1286447048187256,0.17106372117996216,0.6596078276634216,0.6012406945228577
pose__20260315_130536_tp00036.mp4__track270__t2502_2571__00005773,20260315_130536_tp00036.mp4,270,175.13636525649568,179.96626501776595,51.06941917089763,36.07574039673064,False,False,False,1.0,0.8528251647949219,0.8357843160629272,0.6194274425506592,1.2333046197891235,1.0272109508514404,4.116851329803467,0.38547804951667786,0.15591953694820404,0.5421687960624695,0.6727609038352966
pose__20260317_101644_tp00048.mp4__track1665__t48240_48309__00020727,20260317_101644_tp00048.mp4,1665,3376.7855353376563,3381.6155146481515,50.9560777255263,40.93573599697026,False,False,False,1.0,0.780831515789032,0.938725471496582,1.8138465881347656,2.663588762283325,2.4017179012298584,12.559529304504395,0.5250456929206848,0.08688854426145554,0.23425522446632385,0.8917940258979797
pose__20260316_113834_tp00042.mp4__track1753__t10044_10113__00011853,20260316_113834_tp00042.mp4,1753,703.073212505278,707.90316587673,50.951556370186545,39.15753106612794,False,False,False,1.0,0.7457327246665955,0.5196078419685364,0.40111103653907776,0.0,0.5260885953903198,1.9544861316680908,0.0,0.0,0.5471310019493103,0.39828914403915405
pose__20260331_083223_tp00084.mp4__track310__t7038_7107__00050855,20260331_083223_tp00084.mp4,310,492.64922637408944,497.4791207503061,50.75001857388865,44.14066354918616,False,False,False,1.0,0.8829857707023621,0.8529411554336548,2.151946783065796,3.0770719051361084,2.7265126705169678,10.716821670532227,0.8276616930961609,0.10049698501825333,0.5549532771110535,0.6538792252540588
pose__20260315_104219_tp00035.mp4__track1417__t18828_18897__00004575,20260315_104219_tp00035.mp4,1417,1317.9607778981017,1322.7907807489073,50.74475057710994,46.825605194546455,False,False,False,0.875,0.7444742918014526,0.4583333432674408,1.2516855001449585,0.0,1.577222466468811,5.9875664710998535,2.6267669200897217,0.7707735896110535,0.26299622654914856,0.9670746326446533
pose__20260317_101644_tp00048.mp4__track1249__t41418_41487__00020408,20260317_101644_tp00048.mp4,1249,2899.24758089998,2904.077560210476,50.69229971984362,19.855479101713335,False,False,False,1.0,0.8976923823356628,0.37745097279548645,0.01420527696609497,0.0,0.30415183305740356,0.0,0.0,0.0,0.3476680815219879,0.0
pose__20260329_163101_tp00076.mp4__track3542__t50976_51045__00041144,20260329_163101_tp00076.mp4,3542,3571.579637319975,3576.414049493843,50.66823659547498,41.26601356297665,False,False,False,0.4583333432674408,0.8680641055107117,0.38235294818878174,4.358299255371094,2.115779161453247,3.780604600906372,18.48908233642578,0.4856680929660797,0.04896761476993561,0.8534778952598572,0.9167991280555725
pose__20260315_130536_tp00036.mp4__track3722__t23418_23487__00007640,20260315_130536_tp00036.mp4,3722,1639.225979846769,1644.055879608039,50.52046579380126,48.87478985426136,False,False,False,0.7083333134651184,0.6039866805076599,0.3063725531101227,0.2473447322845459,0.0,0.6672732830047607,3.185927629470825,3.296846866607666,0.12359294295310974,0.10275024175643921,0.0
pose__20260316_113834_tp00042.mp4__track1162__t7344_7413__00011517,20260316_113834_tp00042.mp4,1162,514.0750371006334,518.9049904720854,50.36836253886152,30.877089104000625,False,False,False,1.0,0.7762451171875,0.593137264251709,1.1660372018814087,0.0,0.29317933320999146,1.296110987663269,0.0,0.0,1.657736897468567,0.6930296421051025
pose__20260316_113834_tp00042.mp4__track2424__t12528_12597__00012219,20260316_113834_tp00042.mp4,2424,876.951533877551,881.781487249003,50.28609971735577,31.462015651949947,False,False,False,0.75,0.6316536068916321,0.2916666567325592,1.1800806522369385,0.0,0.617672860622406,5.02508020401001,0.554084300994873,0.2849351167678833,0.9567228555679321,0.0
pose__20260315_130536_tp00036.mp4__track2420__t14328_14397__00006860,20260315_130536_tp00036.mp4,2420,1002.93918520986,1007.7690849711304,50.27014691768696,50.52715851830808,False,False,False,1.0,0.814075231552124,0.7573529481887817,0.40870457887649536,0.33670902252197266,0.7202911376953125,5.612705230712891,0.8549062013626099,0.3357308804988861,0.230242520570755,0.15040457248687744
pose__20260315_130536_tp00036.mp4__track270__t2520_2589__00005775,20260315_130536_tp00036.mp4,270,176.39633910726184,181.22623886853208,50.09659656131966,24.442674349080285,False,False,False,1.0,0.8506594300270081,0.8529411554336548,0.6355592608451843,1.2217594385147095,1.0073461532592773,4.395404815673828,0.4250442385673523,0.12204349786043167,0.5421687960624695,0.6681882739067078
